Maharastra_SUB-DISTRICT,KARNATAKA_SUB-DISTRICT,ODISHA_SUB-DISTRICT,ANDHRA PRADESH_SUB-DISTRICT,WEST BENGAL_SUB-DISTRICT,MADHYA PRADESH_SUB-DISTRICT,TAMIL NADU_SUB-DISTRICT,UTTAR PRADESH_SUB-DISTRICT,RAJASTHAN_SUB-DISTRICT,PUNJAB_SUB-DISTRICT,KERALA_SUB-DISTRICT,BIHAR_SUB-DISTRICT,HARYANA_SUB-DISTRICT,HIMACHAL PRADESH_SUB-DISTRICT,ARUNACHAL PRADESH_SUB-DISTRICT,ASSAM_SUB-DISTRICT,GUJARAT_SUB-DISTRICT,DELHI_SUB-DISTRICT,CHHATTISGARH_SUB-DISTRICT,GOA_SUB-DISTRICT,TRIPURA_SUB-DISTRICT,JHARKHAND_SUB-DISTRICT,UTTARAKHAND_SUB-DISTRICT
MAHARASHTRA,KARNATAKA,ODISHA,ANDHRA PRADESH,WEST BENGAL,MADHYA PRADESH,TAMIL NADU,UTTAR PRADESH,RAJASTHAN,PUNJAB,KERALA,BIHAR,HARYANA,HIMACHAL PRADESH,ARUNACHAL PRADESH,ASSAM,GUJARAT,DELHI,CHHATTISGARH,GOA,TRIPURA,JHARKHAND,UTTARAKHAND
Nandurbar,Belgaum,Bargarh,Adilabad,Darjiling,Sheopur,Thiruvallur,Saharanpur,Ganganagar,Gurdaspur,Kasaragod,Pashchim Champaran,Panchkula,Chamba,Tawang,Kokrajhar,Kachchh,Narela,Koriya,Pernem,West Tripura,Garhwa,Uttarkashi
Akkalkuwa,Chikodi,Paikamal,Tamsi,,Vijaypur,Gummidipoondi,Behat,Karanpur,Dhar Kalan,Hosdurg,Sidhaw,Kalka,Pangi,Zemithang,Gossaigaon,Lakhpat,NCT OF DELHI,Bharatpur,Bardez,Mohanpur,Kharaundhi,Puraula
Akrani,Athni,Jharbandha,Jainad,Darjeeling Pulbazar,Beerpur,Ponneri,Nakur,Sadulshahar,Pathankot,Kannur,Ramnagar,Ambala,Chaurah,Lumla,Bhowraguri,Rapar,Saraswati Vihar,Baikunthpur,Tiswadi,Hezamara,Bhawnathpur,Mori
Talode,Raybag,Padmapur,Bela,Rangli Rangliot,Badoda,Uthukkottai,Deoband,Padampur,Batala,Taliparamba,Gaunaha,Naraingarh,Saluni,Dudunghar,Dotoma,Bhachau,Model Town,Sonhat,Bicholim,Padmabil,Ketar,Rajgarhi
Shahade,Gokak,Burden,Talamadugu,Kalimpong,Karahal,Tiruttani,Rampur Maniharan,Raisinghnagar,Dera Baba Nanak,Thalassery,Mainatanr,Barara,Bhalai,Kitpi,Golokganj,Anjar,Civil Lines,Manendragarh,Satari,Khowai,Kandi,Dunda
Nawapur,Hukeri,Gaisilet,Gudihathnoor,Gorubathan,Morena,Pallipattu,Muzaffarnagar,Anupgarh,Kapurthala,Wayanad,Narkatiaganj,Yamunanagar,Dalhousie,Jang,Dhubri,Bhuj,Sadar Bazar,Khadganva,Ponda,Tulashikhar,Majhiaon,Chiniyalisaur
Dhule,Khanapur,Melchhamunda,Inderavelly,Jorebunglow Sukiapokhri,Ambah,Poonamallee,Kairana,Gharsana,Bhulath,Mananthavady,Lauriya,Jagadhri,Bhattiyat,Lhou,Bagribari,Nakhatrana,Kotwali,Surguja,Mormugao,Kalyanpur,Bardiha,Bhatwari
Shirpur,Sampgaon,Sohela,Narnoor,Mirik,Porsa,Ambattur,Shamli,Vijainagar,Sultanpur Lodhi,Sulthanbathery,Bagaha,Bilaspur,Sihunta,Mukto,Bilasipara,Abdasa,North East,Ramanujganj,Salcete,Teliamura,Ramna,Chamoli
Sindkhede,Parasgad,Bijepur,Kerameri,Kurseong,Joura,Mathavaram,Budhana,Suratgarh,Phagwara,Vythiri,Piprasi,Chhachhrauli,Holi,Bongkhar,Chapar,Mandvi,Seelam Pur,Balrampur,Quepem,Mungiakumi,Bishunpura,Joshimath
Sakri,Ramdurg,Barapali,Wankdi,Matigara,Kailaras,Chennai,Khatauli,Hanumangarh,Jalandhar,Kozhikode,Madhubani,Kurukshetra,Brahmaur,Thingbu,Agamoni,Mundra,Shahdara,Wadrafnagar,Sanguem,Mandai,Nagaruntari,Pokhari
Jalgaon,Bagalkot,Bheden,Sirpur,Naxalbari,Sabalgarh,Kancheepuram,Jansath,Sangaria,Shahkot,Vadakara,Bhitaha,Shahbad,Kangra,West Kameng,South Salmara,Gandhidham,Seema Puri,Pratappur,Canacona,Jirania,Dhurki,Karnaprayag
Chopda,Jamkhandi,Bargarh Sadar,Kouthala,Phansidewa,Bhind,Sriperumbudur,Bijnor,Tibi,Nakodar,Quilandy,Thakrahan,Pehowa,Nurpur,Dirang,Mankachar,Banas Kantha,East,Samri,Kansabel,Dukli,Sagma,Tharali
Yawal,Bilgi,Bhatli,Bejjur,Kharibari,Ater,Tambaram,Najibabad,Pilibanga,Phillaur,Malappuram,Jogapatti,Thanesar,Indora,Thembang,Goalpara,Vav,Gandhi Nagar,Shankargarh,Manora,Jampuijala,Dandai,Gairsain
Raver,Mudhol,Ambabhona,Kagaznagar,Jalpaiguri,Mehgaon,Alandur,Nagina,Rawatsar,Hoshiarpur,Ernad,Chanpatia,Kaithal,Fatehpur,Nafra,Lakhipur,Tharad,Vivek Vihar,Surajpur,Kunkuri,Bishalgarh,Chinia,Rudraprayag
Muktainagar,Badami,Attabira,Asifabad,Rajganj,Gormi,Sholinganallur,Dhampur,Nohar,Dasua,Nilambur,Sikta,Guhla,Jawali,Bomdila,Balijana,Dhanera,Preet Vihar,Oudgi,Duldula,Boxanagar,Meral,Ukhimath
Bodvad,Hungund,Jharsuguda,Jainoor,Mal,Gohad,Chengalpattu,Chandpur,Bhadra,Mukerian,Perinthalmanna,Majhaulia,Fatehpur Pundri,Harchakian,Kalaktang,Matia,Dantiwada,New Delhi,Bhaiyathan,Farsabahar,Melaghar,Danda,Jakholi
Bhusawal,Bijapur,Rengali,Utnoor,Matiali,Ron,Uthiramerur,Moradabad,Bikaner,Garhshankar,Tirur,Bettiah,Karnal,Shahpur,Shergaon,Dudhnai,Amirgadh,Connaught Place,Ramanujnagar,Pathalgaon,Kathalia,Ranka,Tehri Garhwal
Erandol,Indi,Lakhanpur,Ichoda,Nagrakata,Mihona,Tirukalukundram,Thakurdwara,Poogal,Shahid Bhagat Singh Nagar,Tirurangadi,Bairia,Nilokheri,Dharmsala,Rupa,Rangjuli,Danta,Chanakya Puri,Premnagar,Raigarh,South Tripura,Ramkanda,Ghansali
Dharangaon,Sindgi,Belpahar,Bazarhathnoor,Madarihat,Lahar,Maduranthakam,Kanth,Lunkaransar,Nawanshahr,Ponnani,Nautan,Indri,Nagrota Bagwan,Singchung,Barpeta,Vadgam,Parliament Street,Ambikapur,Udaipur,Killa,Bhandaria,Devprayag
Amalner,Basavana Bagevadi,Banaharapali,Boath,Kalchini,Gwalior,Cheyyur,Bilari,Kolayat,Balachaur,Palakkad,Purba Champaran,Assandh,Baroh,Jamiri,Barnagar,Palanpur,Central,Lakhanpur,Lailunga,Amarpur,Chatra,Pratapnagar
Parola,Muddebihal,Orient,Neradigonda,Kumargram,Dabra,Vellore,Sambhal,Nokha,Fatehgarh Sahib,Ottappalam,Raxaul,Gharaunda,Dera Gopipur,Thrizino,Kalgachia,Deesa,Darya Ganj,Udaypur,Gharghoda,Ompi,Shaligram Ram Narayanpur,Jakhani Dhar
Bhadgaon,Bidar,Brajarajnagar,Rebbana,Alipurduar,Bhitarwar,Gudiyatham,Chandausi,Khajuwala,Bassi Pathana,Mannarkad,Adapur,Panipat,Jawalamukhi,Bhalukpong,Baghbor,Deodar,Pahar Ganj,Rajpur,Tamnar,Matarbari,Pratappur,Tehri
Chalisgaon,Basavakalyan,Badmal,Bhimini,Falakata,Chinour,Katpadi,Rampur,Chhatargarh,Amloh,Chittur,Ramgarhwa,Israna,Jaswan,Kamengbari-Doimara,Chenga,Bhabhar,Karol Bagh,Lundra,Pusour,Kakraban,Kunda,Dhanaulti
Pachora,Bhalki,Laikera,Dahegaon,Dhupguri,Datia,Wallajah,Suar,Sridungargarh,Khamanon,Alathur,Sugauli,Samalkha,Rakkar,Balemu,Sarthebari,Kankrej,Patel Nagar,Sitapur,Kharsia,Rajnagar,Lawalaung,Narendra Nagar
Jamner,Aurad,Kolabira,Vemanpalle,Maynaguri,Seondha,Arakonam,Tanda,Churu,Ludhiana,Thrissur,Banjaria,Sonipat,Khundian,East Kameng,Bajali,Patan,Rajouri Garden,Batouli,Sarangarh,Hrishyamukh,Kanha Chatti,Dehradun
Buldana,Homnabad,Sambalpur,Nennal,Koch Bihar,Indergarh,Arcot,Bilaspur,Taranagar,Samrala,Talappilly,Narkatia,Gohana,Thural,Seijosa,Sarupeta,Santalpur,Punjabi Bagh,Mainpat,Baramkela,Bokafa,Itkhori,Chakrata
Sangrampur,Raichur,Govindpur,Tandur,Haldibari,Bhander,Vaniyambadi,Shahabad,Rajgarh,Khanna,Chavakkad,Bankatwa,Ganaur,Dhira,Dissing-Passo,Jalah,Radhanpur,Najafgarh,Jashpur,Korba,Karbuk,Mayur Hand,Tyuni
Shegaon,Lingsugur,Mahulpalli,Tiryani,Mekliganj,Shivpuri,Ambur,Milak,Sardarshahar,Payal,Kodungallur,Ghorasahan,Kharkhoda,Jaisinghpur,Pakke-Kessang,Morigaon,Sidhpur,Delhi Cantonment,Bagicha,Katghora,Rupaichhari,Gidhaur,Kalsi
Nandura,Devadurga,Kochinda,Jannaram,Mathabhanga,Pohri,Tirupathur,Jyotiba Phule Nagar,Ratangarh,Raikot,Mukundapuram,Dhaka,Jind,Palampur,Pizirang,Mayong,Harij,Vasant Vihar,Kansabel,Poundi-Uproda,Satchand,Pathalgora,Vikas Nagar
Malkapur,Manvi,Katarbaga,Kaddam,Cooch Behar,Narwar,Tiruvannamalai,Dhanaura,Sujangarh,Jagraon,Ernakulam,Chiraia,Narwana,Baijnath,Richukrong,Bhuragaon,Sami,Hauz Khas,Manora,Pali,Dhalai,Simaria,Rishikesh
Motala,Sindhnur,Thelkoloi,Sarangapur,Tufanganj,Karera,Arani,Amroha,Jhunjhunun,Moga,Kunnathunad,Motihari,Julana,Multhan,Seppa,Laharighat,Chanasma,Defence Colony,Kunkuri,Kartala,Salema,Tandwa,Garhwal
Khamgaon,Koppal,Sasan,Kuntala,Dinhata,Kolaras,Cheyyar,Hasanpur,Chirawa,Nihal Singhwala,Aluva,Turkaulia,Safidon,Lahul & Spiti,Lada,Marigaon,Mahesana,Kalkaji,Duldula,Janjgir-Champa,Manu,Kodarma,Srinagar
Mehkar,Yelbarga,Hirakud,Kubeer,Sitai,Badarwas,Vandavasi,Meerut,Buhana,Bagha Purana,Paravur,Harsidhi,Fatehabad,Udaipur,Bameng,Mikirbheta,Satlasana,Dasada,Farsabahar,Janjgir,Ambassa,Satgawan,Pauri
Chikhli,Kushtagi,Burla,Bhainsa,Sitalkuchi,Pichhore,Polur,Sardhana,Khetri,Firozpur,Kochi,Paharpur,Ratia,Lahul,Pipu-Dipu,Nagaon,Kheralu,Lakhtar,Pathalgaon,Akaltara,Chhamanu,Domchanch,Thailisain
Deolgaon Raja,Gangawati,Dhanupali,Tanoor,Uttar Dinajpur,Khaniyadhana,Chengam,Mawana,Nawalgarh,Zira,Kanayannur,Areraj,Tohana,Spiti,Gyawe Purang,Kaliabor,Unjha,Wadhwan,Raigarh,Baloda,Dumburnagar,Jainagar,Dhoomakot
Sindkhed Raja,Gadag,Ainthapali,Mudhole,Chopra,Tikamgarh,Thandrampet,Baghpat,Udaipurwati,Jalalabad,Muvattupuzha,Sangrampur,Sirsa,Kullu,Khenewa,Samaguri,Visnagar,Muli,Udaipur,Nawagarh,North Tripura,Chandwara,Lansdowne
Lonar,Nargund,Sadar,Lokeswaram,Islampur,Niwari,Viluppuram,Baraut,Alwar,Fazilka,Kothamangalam,Kesaria,Dabwali,Manali,Chayangtajo,Rupahi,Vadnagar,Chotila,Lailunga,Champa,Gournagar,Markacho,Satpuli
Akola,Ron,Jamankira,Dilawarpur,Goalpokhar,Orchha,Gingee,Khekada,Behror,Abohar,Idukki,Kalyanpur,Rania,Sainj,Sawa,Dhing,Vijapur,Sayla,Gharghoda,Sakti,Kadamtala,Giridih,Chaubatta Khal
Telhara,Shirhatti,Kisinda,Nirmal,Karandighi,Prithvipur,Tindivanam,Ghaziabad,Mandawar,Muktsar,Devikulam,Kotwa,Ellenabad,Banjar,Papum Pare,Raha,Becharaji,Chuda,Tamnar,Pamgarh,Panisagar,Gawan,Kotdwara
Akot,Mundargi,Jujomura,Laxmanchanda,Raiganj,Jatara,Vanur,Modinagar,Kotkasim,Malout,Udumbanchola,Piprakothi,Hisar,Ani,Balijan,Kampur,Kadi,Limbdi,Pusour,Dabhra,Damchhara,Tisri,Yamkeshwar
Balapur,Dharwad,Dhama,Mamda,Hemtabad,Mohangarh,Tirukkoyilur,Hapur,Tijara,Gidderbaha,Thodupuzha,Chakia,Adampur,Nermand,Banderdawa,Hojai,Sabar Kantha,Rajkot,Kharsia,Malkharoda,Pencharthal,Deori,Pithoragarh
Murtijapur,Navalgund,Charamal,Khanapur,Kaliaganj,Palera,Sankarapuram,Garhmukteshwar,Kishangarh Bas,Faridkot,Peerumade,Pakri Dayal,Narnaund,Mandi,Sangdupota,Doboka,Khedbrahma,Maliya,Sarangarh,Jaijaipur,Kumarghat,Dhanwar,Munsiari
Patur,Hubli,Rairakhol,Dandepalle,Itahar,Baldeogarh,Kallakkurichi,Gautam Buddha Nagar,Ramgarh,Jaitu,Kottayam,Patahi,Hansi,Padhar,Taraso,Lanka,Vijaynagar,Morvi,Baramkela,Bilaspur,Dasda,Jamua,Dharchula
Barshitakli,Kalghatgi,Naktideul,Kasipet,Dakshin Dinajpur,Khargapur,Ulundurpettai,Dadri,Bansur,Bathinda,Meenachil,Phenhara,Bhiwani,Jogindarnagar,Itanagar,Sonitpur,Vadali,Tankara,Korba,Pendra Road Gorella,Jampuii hills,Bengabad,Didihat
Washim,Kundgol,Debagarh,Bellampalle,Kushmundi,Chhatarpur,Salem,Jewar,Thanagazi,Rampura Phul,Vaikom,Madhuban,Bawani Khera,Lad Bharol,Naharlagun,Dhekiajuli,Idar,Wankaner,Katghora,Marwahi,Mohla,Gande,Berinag
Malegaon,Uttara Kannada,Barkot,Kotapalle,Gangarampur,Gaurihar,Mettur,Bulandshahr,Lachhmangarh,Talwandi Sabo,Changanassery,Tetaria,Tosham,Sandhol,Doimukh,Chariduar,Bhiloda,Paddhari,Poundi-Uproda,Pendra,Manpur,Birni,Gangolihat
Mangrulpir,Karwar,Kundheigola,Mandamarri,Kumarganj,Laundi,Omalur,Sikandrabad,Kathumar,Mansa,Kanjirappally,Mehsi,Siwani,Dharmpur,Gumto,Tezpur,Meghraj,Lodhika,Pali,Lormi,Ambagarh,Bagodar,Bageshwar
Karanja,Supa,Reamal,Luxettipet,Hilli,Chandla,Edappadi,Siana,Bharatpur,Sardulgarh,Alappuzha,Sheohar,Loharu,Kotli,Toru,Na-Duar,Himatnagar,Kotda Sangani,Kartala,Kota,Durg,Sariya,Kapkot
Manora,Haliyal,Sundargarh,Mancherial,Balurghat,Nowgong,Sankari,Anupshahr,Pahari,Budhlada,Cherthala,Purnahiya,Dadri,Sarkaghat,Sagalee,Biswanath,Prantij,Jasdan,Janjgir-Champa,Mungeli,Bemetara,Dumri,Kanda
Risod,Yellapur,Hemgir,Chennur,Tapan,Maharajpur,Yercaud,Debai,Kaman,Patiala,Ambalappuzha,Piprarhi,Badhra,Bhadrota,Parang,Helem,Talod,Gondal,Janjgir,Pathariya,Saja,Pirtanr,Garud
Amravati,Mundgod,Lephripara,Nizamabad,Bansihari,Rajnagar,Vazhapadi,Shikarpur,Nagar,Samana,Kuttanad,Dumri Katsari,Rohtak,Baldwara,Leporiang,Gohpur,Modasa,Jamkandorna,Akaltara,Takhatpur,Thanakhamria,Deoghar,Almora
Dharni,Sirsi,Bhasma,Ranjal,Harirampur,Bada Malhera,Attur,Khurja,Deeg,Patran,Karthikappally,Tariani Chowk,Maham,Sundarnagar,Mengio,Lakhimpur,Dhansura,Upleta,Baloda,Masturi,Berla,Mohanpur,Bhikiasain
Chikhaldara,Ankola,Dharuadihi,Navipet,Maldah,Ghuwara,Gangavalli,Aligarh,Nadbai,Nabha,Chengannur,Sitamarhi,Sampla,Aut,Kimin,Narayanpur,Malpur,Dhoraji,Nawagarh,Bilha,Dhamdha,Sarwan,Chaukhutiya
Anjangaon Surji,Kumta,Sundargarh Town,Nandipet,Harischandrapur,Bijawar,Namakkal,Khair,Kumher,Rajpura,Mavelikkara,Bairgania,Jhajjar,Bali Chowki,Kakoi,Bihpuria,Bayad,Jetpur,Champa,Kabeerdham,Patan,Sona Rai Tharhi,Sult
Achalpur,Siddapur,Kinjirkela,Armur,Chanchal,Buxwaha,Tiruchengode,Gabhana,Weir,Amritsar,Pathanamthitta,Suppi,Beri,Thunag,Upper Subansiri,Naobaicha,Gandhinagar,Jamnagar,Sakti,Kawardha,Gunderdehi,Devipur,Ranikhet
Chandurbazar,Honavar,Talasara,Balkonda,Ratua,Panna,Rasipuram,Atrauli,Bayana,Ajnala,Thiruvalla,Majorganj,Bahadurgarh,Chachyot,Taksing,Kadam,Kalol,Okhamandal,Pamgarh,Bodla,Dondi Luhara,Madhupur,Dwarahat
Morshi,Bhatkal,Baragaon,Mortad,Gazole,Ajaigarh,Paramathi-Velur,Koil,Rupbas,Baba Bakala,Mallappally,Sonbarsa,Matenhail,Nihri,Limeking,North Lakhimpur,Mansa,Khambhalia,Dabhra,Sahaspur Lohara,Balod,Margo Munda,Someshwar
Warud,Haveri,Kutra,Kammarpalle,Bamangola,Devendranagar,Erode,Iglas,Dhaulpur,Tarn Taran,Ranni,Parihar,Mahendragarh,Karsog,Nacho,Dhakuakhana,Dehgam,Jodiya,Malkharoda,Pandariya,Dondi,Karon,Jainti
Teosa,Shiggaon,Rajagangapur,Bheemgal,Habibpur,Gunnor,Sathyamangalam,Mahamaya Nagar,Baseri,Patti,Kozhenchery,Sursand,Narnaul,Hamirpur,Siyum,Subansiri,Ahmadabad,Dhrol,Jaijaipur,Rajnandgaon,Gurur,Sarath,Bhanoli
Bhatkuli,Savanur,Raiboga,Velpur,English Bazar,Amanganj,Bhavani,Sasni,Bari,Khadur Sahib,Adoor,Bathnaha,Rewari,Tira Sujanpur,Taliha,Dhemaji,Mandal,Kalavad,Bilaspur,Chhuikhadan,Raipur,Palojori,Champawat
Daryapur,Hangal,Biramitrapur,Jakranpalle,Manikchak,Pawai,Gobichettipalayam,Sikandra Rao,Sepau,Rupnagar,Kollam,Riga,Kosli,Nadaun,Payeng,Sissibargaon,Detroj-Rampura,Lalpur,Pendra Road Gorella,Khairagarh,Simga,Godda,Pati
Nandgaon-Khandeshwar,Byadgi,Hatibari,Makloor,Kaliachak,Shahnagar,Perundurai,Hathras,Rajakhera,Anandpur Sahib,Karunagappally,Parsauni,Bawal,Galore,Giba,Jonai,Viramgam,Kalyanpur,Marwahi,Dongargarh,Bhatapara,Meherma,Lohaghat
Chandur Railway,Hirekerur,Bisra,Yedpalle,Murshidabad,Raipura,The Nilgiris,Sadabad,Karauli,Nangal,Kunnathur,Belsand,Gurgaon,Barsar,Chetam,Gogamukh,Sanand,Bhanvad,Pendra,Chhuriya,Baloda Bazar,Thakurgangti,Poornagiri
Dhamangaon Railway,Ranibennur,Bondamunda,Bodhan,Farakka,Sagar,Panthalur,Mathura,Todabhim,Rup Nagar,Pathanapuram,Runisaidpur,Pataudi,Dhatwal,Daporijo,Tinsukia,Ahmadabad City,Jamjodhpur,Lormi,Dongargaon,Palari,Boarijor,Nainital
Wardha,Bellary,Brahmani Tarang,Kotgiri,Samserganj,Bina,Gudalur,Chhata,Nadoti,Chamkaur Sahib,Kottarakkara,Dumra,Farrukhnagar,Bhoranj,Puchi Geko,Sadiya,Daskroi,Porbandar,Kota,Mohla,Kasdol,Mahagama,Kosya Kutauli
Ashti,Hadagalli,Raghunathapali,Madnoor,Suti,Khurai,Udhagamandalam,Mat,Hindaun,Sahibzada Ajit Singh Nagar,Thiruvananthapuram,Bajpatti,Manesar,Una,Dumporijo,Doom Dooma,Dholka,Ranavav,Mungeli,Manpur,Bilaigarh,Pathargama,Betalghat
Arvi,Hagaribommanahalli,Tangarapali,Jukkal,Raghunathganj,Malthon,Kotagiri,Mahavan,Mandrail,Kharar,Chirayinkeezhu,Charaut,Sohna,Bharwain,Gussar,Margherita,Bavla,Kutiyana,Pathariya,Ambagarh,Arang,Bashant Rai,Dhari
Seloo,Hospet,Lathikata,Bichkunda,Lalgola,Banda,Coonoor,Agra,Sapotra,SAS Nagar,Nedumangad,Pupri,Mewat,Amb,Gite-Ripa,Dibrugarh,Ranpur,Junagadh,Takhatpur,Durg,Abhanpur,Poreyahat,Haldwani
Deoli,Siruguppa,Chandiposh,Birkoor,Sagardighi,Shahgarh,Kundah,Etmadpur,Sawai Madhopur,Dera Bassi,Neyyattinkara,Nanpur,Taoru,Bangana,Baririjo,Dibrugarh West,Barwala,Manavadar,Masturi,Bemetara,Rajim,Sundarpahari,Ramnagar
Hinganghat,Sandur,Kamarposh Balang,Varni,Bhagawangola,Rahatgarh,Dindigul,Kiraoli,Gangapur,Sangrur,,Bokhara,Nuh,Haroli,Maro,Dibrugarh East,Dhandhuka,Vanthali,Bilha,Saja,Tilda,Sahibganj,Kaladhungi
Samudrapur,Kudligi,Koida,Dichpalle,Raninagar,Garhakota,Palani,Kheragarh,Bamanwas,Malerkotla,,Madhwapur,Ferozepur Jhirka,Bilaspur,West Siang,Chabua,Surendranagar,Bhesan,Kabeerdham,Thanakhamria,Bindranavagarh,Mandro,Lalkuan
Nagpur,Chitradurga,Lahunipara,Dharpalle,Jalangi,Rehli,Oddanchatram,Fatehabad,Malarna Doongar,Dhuri,,Harlakhi,Punahana,Ghumarwin,Mechuka,Tengakhat,Halvad,Visavadar,Kawardha,Berla,Chhura,Borio,Udham Singh Nagar
Narkhed,Molakalmuru,Gurundia,Sirkonda,Domkal,Kesli,Vedasandur,Bah,Bonli,Sunam,,Basopatti,Faridabad,Bharari,Monigong,Moran,Dhrangadhra,Mendarda,Bodla,Dhamdha,Mainpur,Barhait,Kashipur
Katol,Challakere,Tikaetpali,Machareddy,Murshidabad Jiaganj,Deori,Natham,Firozabad,Chauth Ka Barwara,Lehra,,Jainagar,Ballabgarh,Jhanduta,Pidi,Tingkhong,Dasada,Keshod,Sahaspur Lohara,Patan,Deobhog,Taljhari,Jaspur
Kalameshwar,Holalkere,Banei,Sadasivanagar,Nabagram,Damoh,Kodaikanal,Tundla,Khandar,Moonak,,Ladania,Palwal,Naina Devi,Payum,Naharkatiya,Lakhtar,Mangrol,Pandariya,Gunderdehi,Mahasamund,Rajmahal,Bajpur
Savner,Hosdurga,Mahulapada,Gandhari,Khargram,Hatta,Nilakkottai,Jasrana,Dausa,Barnala,,Laukaha,Hathin,Bilaspur Sadar,Tato,Sivasagar,Wadhwan,Malia,Rajnandgaon,Dondi Luhara,Basna,Udhwa,Kichha
Parseoni,Hiriyur,Raurkela,Banswada,Kandi,Patera,Karur,Shikohabad,Baswa,Tapa,,Laukahi,Hodal,Namhol,Kaying,Dimow,Muli,Talala,Chhuikhadan,Balod,Saraipali,Pathna,Gadarpur
Ramtek,Davanagere,Kendujhar,Pitlam,Berhampore,Batiyagarh,Aravakurichi,Mainpuri,Mahwa,,,Phulparas,Kusheshwar Asthan,Solan,Darak,Amguri,Chotila,Patan-Veraval,Khairagarh,Dondi,Pithora,Barharwa,Sitarganj
Mauda,Harihar,Barbil,Nizamsagar,Hariharpara,Patharia,Krishnarayapuram,Karhal,Sikrai,,,Babubarhi,Kusheshwar Asthan Purbi,Arki,Kamba,Nazira,Sayla,Sutrapada,Dongargarh,Gurur,Bagbahra,Pakur,Khatima
Kamptee,Harapanahalli,Bolani,Yellareddy,Nawda,Jabera,Kulithalai,Bhogaon,Lalsot,,,Khajauli,Muzaffarpur,Darlaghat,Rumgong,Sonari,Chuda,Kodinar,Chhuriya,Raipur,Dhamtari,Litipara,Hardwar
Hingna,Jagalur,Rugudi,Nagareddipet,Beldanga,Tendukheda,Kadavur,Budaun,Jaipur,,,Kaluahi,Sahebganj,Ramshahr,Jomlo Mobuk,Mahmora,Limbdi,Una,Dongargaon,Simga,Kurud,Amrapara,Roorkee
Umred,Honnali,Joda,Lingampet,Bharatpur,Satna,Tiruchirappalli,Gunnaur,Kotputli,,,Benipatti,Baruraj,Nalagarh,Liromoba,Jorhat,Rajkot,Amreli,Mohla,Bhatapara,Magarlod,Hiranpur,Laksar
Kuhi,Channagiri,Bamebari,Tadwai,Burwan,Raghurajnagar,Thottiyam,Bisauli,Viratnagar,,,Bisfi,Paroo,Baddi,Yomcha,Majuli,Maliya,Kunkavav Vadia,Manpur,Baloda Bazar,Nagri,Pakaur,Patratu
Bhiwapur,Shimoga,Champua,Kamareddy,Birbhum,Majhgawan,Musiri,Bilsi,Shahpura,,,Pandaul,Saraiya,Krishangarh,Aalo,Jorhat West,Morvi,Babra,Ambagarh,Palari,Uttar Bastar Kanker,Maheshpur,Mandu
Bhandara,Sagar,Jhumpura,Bhiknoor,Murarai,Birsinghpur,Thuraiyur,Sahaswan,Chomu,,,Rajnagar,Marwan,Kasauli,Tirbin,Jorhat East,Tankara,Lathi,Durg,Kasdol,Charama,Pakuria,Dulmi
Tumsar,Sorab,Baria,Domakonda,Nalhati,Nagod,Manachanallur,Dataganj,Phulera,,,Andhratharhi,Kanti,Kandaghat,Basar,Teok,Wankaner,Lilia,Bemetara,Bilaigarh,Bhanupratappur,Dhanbad,Chitarpur
Mohadi,Shikarpur,Turumunga,Karimnagar,Rampurhat,Unchahara,Lalgudi,Bareilly,Mauzamabad,,,Jhanjharpur,Minapur,Sirmaur,Daring,Titabor,Paddhari,Bagasara,Saja,Arang,Durgkondal,Tundi,Gola
Sakoli,Hosanagara,Patana,Ibrahimpatnam,Mayureswar,Rampur Baghelan,Srirangam,Baheri,Phagi,,,Ghoghardiha,Bochaha,Rajgarh,Gensi,Mariani,Lodhika,Dhari,Thanakhamria,Abhanpur,Kanker,Purbi Tundi,Dumka
Lakhani,Tirthahalli,Kendujhar Sadar,Mallapur,Mohammad Bazar,Kotar,Thiruverumbur,Meerganj,Sanganer,,,Lakhnaur,Aurai,Nohra,Sibe,Golaghat,Kotda Sangani,Savar Kundla,Berla,Rajim,Narharpur,Topchanchi,Saraiyahat
Pauni,Bhadravati,Kendujhar Town,Raikal,Rajnagar,Amarpatan,Manapparai,Aonla,Amber,,,Madhepur,Katra,Pachhad,Likabali,Bokakhat,Jasdan,Khambha,Dhamdha,Tilda,Antagarh,Baghmara-Cum-Katras,Jarmundi
Lakhandur,Udupi,Nayakote,Dharmapuri,Suri,Ramnagar,Perambalur,Nawabganj,Jamwa Ramgarh,,,Supaul,Gaighat,Renuka,Kangku,Khumtai,Gondal,Jafrabad,Patan,Bindranavagarh,Pakhanjur,Gobindpur,Gopikandar
Gondiya,Kundapura,Kanjipani,Velgatoor,Sainthia,Maihar,Veppanthattai,Faridpur,Bassi,,,Nirmali,Bandra,Dadahu,Bagra,Dergaon,Jamkandorna,Rajula,Gunderdehi,Chhura,Bastar,Dhanbad-Cum-Kenduadih-Cum-Jagata,Kathikund
Tirora,Karkal,Telkoi,Ramagundam,Labpur,Rewa,Kunnam,Pilibhit,Chaksu,,,Basantpur,Dholi,Nahan,East Siang,Morangi,Upleta,Bhavnagar,Dondi Luhara,Mainpur,Keskal,Jharia-Cum-Jorapokhar-Cum-Sindri,Shikaripara
Goregaon,Chikmagalur,Pandapara,Kamanpur,Nanoor,Teonthar,Ariyalur,Bisalpur,Sikar,,,Chhatapur,Musahri,Paonta Sahib,Boleng,Sarupathar,Dhoraji,Botad,Balod,Deobhog,Bade Rajpur,Baliapur,Ranishwar
Amgaon,Sringeri,Ghatgaon,Manthani,Bolpur Sriniketan,Jawa,Sendurai,Puranpur,Fatehpur,,,Pratapganj,Kurhani,Kamrau,Riga,Karbi Anglong,Jetpur,Vallabhipur,Dondi,Mahasamund,Kondagaon,Nirsa-Cum-Chirkunda,Jama
Salekasa,Koppa,Harichandanpur,Kataram,Illambazar,Sirmour,Udayarpalayam,Shahjahanpur,Danta Ramgarh,,,Raghopur,Sakra,Shalai,Pangin,Donka,Jamnagar,Gadhada,Gurur,Basna,Makdi,Bokaro,Masalia
Sadak-Arjuni,Narasimharajapura,Daitari,Mahadevpur,Dubrajpur,Mangawan,Cuddalore,Powayan,Sri Madhopur,,,Saraigarh Bhaptiyahi,Gopalganj,Ronhat,Kebang,Diphu,Okhamandal,Umrala,Raipur,Saraipali,Farasgaon,Nawadih,Jamtara
Arjuni Morgaon,Tarikere,Ghasipura,Mutharam,Khoyrasol,Semaria,Panruti,Tilhar,Neem-Ka-Thana,,,Kishanpur,Katiya,Shimla,Rebo-Perging,Phuloni,Khambhalia,Ghogha,Simga,Pithora,Jagdalpur,Chandrapura,Narayanpur
Deori,Kadur,Anandapur,Malharrao,Barddhaman,Hanumana,Kurinjipadi,Jalalabad,Nagaur,,,Marauna,Bijaipur,Rampur,Koyu,Silonijan,Jodiya,Sihor,Bhatapara,Bagbahra,Lohandiguda,Bermo,Karma Tanr Vidyasagar
Gadchiroli,Mudigere,Soso,Srirampur,Salanpur,Mauganj,Chidambaram,Kheri,Ladnu,,,Pipra,Bhorey,Nankhari,Kora,Dima Hasao,Dhrol,Gariadhar,Baloda Bazar,Dhamtari,Bastanar,Gumia,Nala
Desaiganj,Tumkur,Nandipada,Peddapalle,Barabani,Naigarhi,Kattumannarkoil,Nighasan,Didwana,,,Tribeniganj,Pach Deuri,Kumharsain,Nari,Umrangso,Kalavad,Palitana,Palari,Kurud,Bakavand,Peterwar,Fatehpur
Armori,Chiknayakanhalli,Sainkul,Julapalle,Jamuria,Huzur,Virudhachalam,Palia,Jayal,,,Araria,Kuchaikote,Seoni,New Seren,Haflong,Lalpur,Talaja,Kasdol,Magarlod,Tokapal,Kasmar,Kundhit
Kurkheda,Sira,Mayurbhanj,Elgaid,Raniganj,Raipur-Karchuliyan,Tittakudi,Gola Gokaran Nath,Kheenvsar,,,Narpatganj,Phulwaria,Shimla,Bilat,Mahur,Kalyanpur,Mahuva,Bilaigarh,Nagri,Darbha,Jaridih,Ranchi
Korchi,Pavagada,Tiring,Dharmaram,Ondal,Gurh,Nagapattinam,Mohammdi,Merta,,,Forbesganj,Hathua,Shimla,Ruksin,Maibong,Bhanvad,Anand,Arang,Uttar Bastar Kanker,Narayanpur,Chas,Burmu
Dhanora,Madhugiri,Bahalda,Gollapalle,Pandabeswar,Umaria,Sirkali,Lakhimpur,Degana,,,Bhargama,Uchkagaon,Junga,Sille-Oyan,Cachar,Jamjodhpur,Tarapur,Abhanpur,Charama,Orchha,Chandankiyari,Khelari
Chamorshi,Koratagere,Jamda,Mallial,Faridpur Durgapur,Bandhogarh,Mayiladuthurai,Dhaurahara,Parbatsar,,,Raniganj,Thawe,Theog,Pasighat,Katigora,Porbandar,Sojitra,Rajim,Bhanupratappur,Dakshin Bastar Dantewada,Lohardaga,Kanke
Mulchera,Gubbi,Rairangpur Town,Jagtial,Kanksa,Chandia,Kuthalam,Sitapur,Makrana,,,Kursakatta,Manjha,Chaupal,Mebo,Silchar,Ranavav,Umreth,Tilda,Durgkondal,Dantewada,Kisko,Ormanjhi
Etapalli,Tiptur,Gorumahisani,Medipalle,Ausgram,Manpur,Tharangambadi,Misrikh,Nawa,,,Sikti,Barauli,Cheta,Namsing,Udarbond,Kutiyana,Petlad,Bindranavagarh,Kanker,Gidam,Peshrar,Angara
Bhamragad,Turuvekere,Jharpokharia,Koratla,Mangolkote,Pali,Kilvelur,Laharpur,Jodhpur,,,Palasi,Sidhwalia,Nerua,Upper Siang,Sonai,Junagadh,Khambhat,Chhura,Narharpur,Katekalyan,Kuru,Rahe
Aheri,Kunigal,Bisoi,Metpalle,Ketugram,Nowrozabad,Thirukkuvalai,Biswan,Phalodi,,,Jokihat,Baikunthpur,Jubbal,Tuting,Karimganj,Manavadar,Borsad,Mainpur,Antagarh,Kuakonda,Kairo,Silli
Sironcha,Bangalore,Rairangpur,Kathlapur,Katwa,Neemuch,Vedaranyam,Mahmudabad,Osian,,,Kishanganj,Siwan,Kotkhai,Migging,Badarpur,Vanthali,Anklav,Deobhog,Pakhanjur,Konta,Senha,Sonahatu
Chandrapur,Bangalore North,Badampahar,Chandurthi,Purbasthali,Jawad,Thiruvarur,Sidhauli,Bhopalgarh,,,Terhagachh,Barharia,Tikar,Palling,Nilambazar,Bhesan,Kheda,Mahasamund,Bastar,Chhindgarh,Bhandra,Namkum
Warora,Bangalore South,Jashipur,Kodimial,Manteswar,Singoli,Valangaiman,Hardoi,Shergarh,,,Dighalbank,Goriakothi,Rohru,Gelling,Patharkandi,Visavadar,Kapadvanj,Basna,Keskal,Sukma,Purbi Singhbhum,Ratu
Chimur,Bangalore East,Raruan,Pegadapalle,Bhatar,Jiran,Kodavasal,Sawayajpur,Luni,,,Thakurganj,Lakri Nabiganj,Chirgaon,Singa,Ramkrishna Nagar,Mendarda,Virpur,Saraipali,Bade Rajpur,Bijapur,Patamda,Nagri
Nagbhir,Anekal,Ghagarbeda,Gangadhara,Galsi,Manasa,Nannilam,Bilgram,Bilara,,,Pothia,Bhagwanpur Hat,Dodra Kwar,Yingkiong,Hailakandi,Keshod,Balasinor,Pithora,Kondagaon,Bhopalpattnam,Boram,Mandar
Brahmapuri,Mandya,Karanjia,Ramadugu,Burdwan,Mandsaur,Needamangalam,Sandila,Jaisalmer,,,Bahadurganj,Maharajganj,Kinnaur,Jengging,Algapur,Mangrol,Kathlal,Bagbahra,Makdi,Usur,Golmuri-Cum-Jugsalai,Chanho
Sawali,Krishnarajpet,Thakurmunda,Choppadandi,Memari,Bhanpura,Mannargudi,Unnao,Pokaran,,,Kochadhamin,Pachrukhi,Hangrang,Geku,Lala,Malia,Mehmedabad,Dhamtari,Farasgaon,Bhairamgarh,Ghatshila,Bero
Sindewahi,Nagamangala,Baripada Sadar,Sultanabad,Kalna,Malhargarh,Thiruthuraipoondi,Safipur,Fatehgarh,,,Purnia,Hussainganj,Poo,Mariyang,Katlichara,Talala,Matar,Kurud,Jagdalpur,Agartala,Potka,Itki
Bhadravati,Pandavapura,Baripada Town,Odela,Jamalpur,Garoth,Thanjavur,Hasanganj,Barmer,,,Banmankhi,Ziradei,Morang,Mopom,Bongaigaon,Patan-Veraval,Nadiad,Magarlod,Lohandiguda,,Musabani,Lapung
Mul,Shrirangapattana,Koliana,Manakondur,Raina,Shamgarh,Thiruvidaimarudur,Purwa,Sheo,,,Barhara,Mairwa,Kalpa,Katan,Boitamari,Sutrapada,Mahudha,Nagri,Bastanar,,Dumaria,Bundu
Pombhurna,Maddur,Bangiriposi,Boinpalle,Khandaghosh,Daloda,Kumbakonam,Bighapur,Baytoo,,,Bhawanipur,Guthani,Nichar,Changlang,Srijangram,Kodinar,Thasra,Uttar Bastar Kanker,Bakavand,,Dhalbhumgarh,Tamar I
Ballarpur,Malavalli,Chandua,Vemulawada,Nadia,Sitamau,Papanasam,Lucknow,Pachpadra,,,Rupauli,Darauli,Sangla,Khimiyong,Bijni,Una,Panch Mahals,Charama,Tokapal,,Gurbandha,Khunti
Korpana,Hassan,Suliapada,Konaraopeta,Karimpur,Suwasara,Thiruvaiyaru,Malihabad,Siwana,,,Dhamdaha,Andar,Mansurchak,Yatdam,Sidli,Amreli,Khanpur,Bhanupratappur,Darbha,,Chakulia,Karra
Jiwati,Sakleshpur,Muruda,Yellareddipet,Tehatta,Ratlam,Orathanadu,Bakshi Ka Talab,Gudha Malani,,,Krityanand Nagar,Raghunathpur,Bachhwara,Namtok,Chirang,Kunkavav Vadia,Kadana,Durgkondal,Narayanpur,,Baharagora,Torpa
Rajura,Belur,Rasagobindapur,Gambhiraopet,Kaliganj,Piploda,Pattukkottai,Mohanlalganj,Ramsar,,,Purnia East,Hasanpura,Teghra,Manmao,Bengtol,Babra,Santrampur,Kanker,Orchha,,Palamu,Rania
Gondpipri,Arsikere,Baisinga,Mustabad,Nakashipara,Jaora,Peravurani,Rae Bareli,Chohtan,,,Kasba,Daraundha,Barauni,Renuk,Kamrup,Lathi,Lunawada,Narharpur,Dakshin Bastar Dantewada,,Hussainabad,Murhu
Yavatmal,Alur,Betanati,Sircilla,Chapra,Alot,Pudukkottai,Maharajganj,Jalor,,,Srinagar,Siswan,Birpur,Lyngok-Longtoi,Goreswar,Lilia,Shehera,Antagarh,Dantewada,,Haidernagar,Erki
Ner,Arkalgud,Barsahi,Ellanthakunta,Krishnagar,Tal,Iluppur,Tiloi,Sayla,,,Jalalgarh,Saran,Naokothi,Nampong,Rangia,Bagasara,Morwa,Pakhanjur,Gidam,,Mohammad Ganj,Gumla
Babulgaon,Hole Narsipur,Khunta,Bejjanki,Nabadwip,Sailana,Kulathur,Lalganj,Ahore,,,Amour,Mashrakh,Bakhri,Tikhak Rima Putok,Koya,Dhari,Godhra,Bastar,Katekalyan,,Hariharganj,Bishunpur
Kalamb,Channarayapatna,Udala,Timmapur,Krishnaganj,Bajna,Gandarvakkottai,Dalmau,Bhinmal,,,Baisa,Panapur,Dandari,Jairampur,Kamalpur,Savar Kundla,Ghoghamba,Keskal,Kuakonda,,Pipra,Ghaghra
Darwha,Dakshina Kannada,Kaptipada,Veenavanka,Hanskhali,Rawti,Thirumayam,Unchahar,Bagora,,,Baisi,Taraiya,Sahebpur Kamal,Vijoynagar,Hajo,Khambha,Halol,Bade Rajpur,Konta,,Chhatarpur,Sisai
Digras,Mangalore,Sharata,Jammikunta,Santipur,Ujjain,Ponnamaravathi,Salon,Sanchore,,,Dagarua,Ishupur,Balia,Miao,Chhaygaon,Jafrabad,Jambughoda,Kondagaon,Chhindgarh,,Nawadiha Bazar/Nawadiha,Verno
Pusad,Bantval,Mahuldiha,Shankarapatnam,Ranaghat,Khacharod,Alangudi,Farrukhabad,Raniwara,,,Katihar,Baniapur,Matihani,Kharsang,Goroimari,Rajula,Dohad,Makdi,Sukma,,Pandu,Kamdara
Umarkhed,Beltangadi,Baripada,Chigurumamidi,Chakdah,Nagda,Karambakudi,Kaimganj,Sirohi,,,Falka,Lahladpur,Shamho Akha Kurha,Diyun,Chamaria,Bhavnagar,Fatepura,Farasgaon,Bijapur,,Untari Road,Basia
Mahagaon,Puttur,Baleshwar,Koheda,Haringhata,Mahidpur,Aranthangi,Amritpur,Sheoganj,,,Korha,Ekma,Khagaria,Bordumsa,Nagarbera,Botad,Jhalod,Jagdalpur,Bhopalpattnam,,Bishrampur,Albert Ekka
Arni,Sulya,Raibania,Husnabad,North Twenty Four Parganas,Ghatiya,Manamelkudi,Kannauj,Pindwara,,,Hasanganj,Manjhi,Alauli,Tirap,Boko,Vallabhipur,Limkheda,Lohandiguda,Usur,,Nawa Bazar,Raidih
Ghatanji,Kodagu,Jaleswar,Saidapur,Bagda,Tarana,Avudayarkoil,Chhibramau,Abu Road,,,Kadwa,Jalalpur,Mansi,Namsang,Palasbari,Gadhada,Garbada,Bastanar,Bhairamgarh,,Patan,Palkot
Kelapur,Madikeri,Bhograi,Huzurabad,Bongaon,Badnagar,Sivaganga,Tirwa,Reodar,,,Balrampur,Revelganj,Chautham,Soha,North Guwahati,Umrala,Devgadbaria,Bakavand,,,Padwa,Simdega
Ralegaon,Somvarpet,Kamarda,Kamalapur,Gaighata,Shajapur,Karaikkudi,Etawah,Pali,,,Barsoi,Chapra,Beldaur,Khonsa,Kamrup Metropolitan,Ghogha,Dhanpur,Tokapal,,,Manatu,Pakar Tanr
Maregaon,Virajpet,Baliapal,Bheemadevarpalle,Swarupnagar,Susner,Devakottai,Jaswantnagar,Jaitaran,,,Azamnagar,Nagra,Gogri,Dadam,Azara,Sihor,Vadodara,Darbha,,,Tarhasi,Kurdeg
Zari-Jamani,Mysore,Singla,Elkathurthi,Habra,Nalkheda,Manamadurai,Saifai,Raipur,,,Pranpur,Marhaura,Parbatta,Kanubari,Guwahati,Gariadhar,Savli,Narayanpur,,,Panki,Kersai
Wani,Piriyapatna,Basta,Medak,Amdanga,Badod,Ilayangudi,Bharthana,Sojat,,,Dandkhora,Amnour,Bhagalpur,Lawnu,Dispur,Palitana,Vaghodia,Orchha,,,Satbarwa,Bolba
Nanded,Hunsur,Rupsa,Kangti,Barrackpur,Agar,Madurai,Chakarnagar,Rohat,,,Mansahi,Maker,Narayanpur,Longding,Sonapur,Talaja,Jetpur Pavi,Dakshin Bastar Dantewada,,,Nilambar-Pitambarpur,Thethaitangar
Mahoor,Krishnarajanagara,Baleshwar Sadar,Manoor,Barasat,Gulana,Melur,Auraiya,Marwar Junction,,,Barari,Parsa,Bihpur,Pumao,Chandrapur,Mahuva,Chhota Udaipur,Dantewada,,,Medininagar,Kolebira
Kinwat,Heggadadevankote,Sahadevkhunta,Narayankhed,Deganga,Moman Badodiya,Madurai North,Bidhuna,Desuri,,,Sameli,Dariapur,Kharik,Pangchao,Nalbari,Anand,Kavant,Gidam,,,Chainpur,Jaldega
Himayatnagar,Nanjangud,Chandipur,Kalher,Baduria,Shujalpur,Vadipatti,Kanpur Dehat,Sumerpur,,,Kursela,Garkha,Naugachhia,Wakka,Barama,Tarapur,Nasvadi,Katekalyan,,,Latehar,Bansjor
Hadgaon,Tirumakudal-Narsipur,Balaramgadi Marine,Shankarampet,Basirhat,Kalapipal,Usilampatti,Rasulabad,Bali,,,Manihari,Dighwara,Rangra Chowk,Laju,Tihu,Sojitra,Sankheda,Kuakonda,,,Manika,Bano
Ardhapur,Chamarajanagar,Bampada,Papannapet,Haroa,Dewas,Peraiyur,Derapur,Ajmer,,,Amdabad,Sonepur,Gopalpur,Lower Subansiri,Pachim Nalbari,Umreth,Dabhoi,Konta,,,Barwadih,Pashchimi Singhbhum
Mudkhed,Gundlupet,Remuna,Ramayampet,Rajarhat,Tonk Khurd,Thirumangalam,Akbarpur,Kishangarh,,,Madhepura,Vaishali,Pirpainti,Ziro,Barkhetri,Petlad,Padra,Chhindgarh,,,Mahuadanr,Sonua
Bhokar,Yelandur,Nilagiri,Dubbak,Minakhan,Sonkatch,Madurai South,Bhognipur,Peesangan,,,Gamharia,Paterhi Belsar,Colgong,Old Ziro,Barbhag,Khambhat,Karjan,Sukma,,,Garu,Gudri
Umri,Kollegal,Berhampur,Siddipet,Sandeshkhali,Kannod,Theni,Sikandra,Beawar,,,Singheshwar,Lalganj,Ismailpur,Yachuli,Banekuchi,Borsad,Sinor,Bijapur,,,Balumath,Bandgaon
Dharmabad,Gulbarga,Oupada,Chinnakodur,Hasnabad,Satwas,Bodinayakanur,Kanpur Nagar,Masuda,,,Ghailarh,Bhagwanpur,Sabour,Yazali,Ghograpar,Anklav,Narmada,Bhopalpattnam,,,Bariyatu,Chakradharpur
Biloli,Aland,Khaira,Nangnoor,Hingalganj,Bagli,Periyakulam,Bilhaur,Nasirabad,,,Shankarpur,Goraul,Nathnagar,Pistana,Baganpara,Kheda,Tilakwada,Usur,,,Herhanj,Khuntpani
Naigaon,Afzalpur,Soro,Kondapak,Hugli,Hatpiplya,Uthamapalayam,Kanpur,Bhinay,,,Kumarkhand,Chehra Kalan,Sultanganj,Kamporijo,Baksa,Kapadvanj,Nandod,Bhairamgarh,,,Chandwa,Goilkera
Loha,Chincholi,Similia,Thoguta,Goghat,Khategaon,Andipatti,Ghatampur,Sarwar,,,Murliganj,Patepur,Shahkund,Dollungmukh,Baska,Virpur,Dediapada,bhilai,,,Hazaribagh,Anandpur
Kandhar,Sedam,Bhadrak,Mirdoddi,Arambag,Dhar,Virudhunagar,Jalaun,Kekri,,,Gwalpara,Mahua,Goradih,Raga,Tamulpur,Balasinor,Sagbara,,,,Chauparan,Manoharpur
Mukhed,Chitapur,Agarpada,Doultabad,Pursura,Badnawar,Rajapalayam,Madhogarh,Tonk,,,Bihariganj,Jandaha,Jagdishpur,Kurung Kumey,Pathorighat,Kathlal,Bharuch,,,,Barhi,Noamundi
Deglur,Jevargi,Bant,Chegunta,Tarakeswar,Sardarpur,Srivilliputhur,Kalpi,Malpura,,,Puraini,Raja Pakar,Sonhaula,Palin,Darrang,Mehmedabad,Jambusar,,,,Padma,Tonto
Hingoli,Yadgir,Bhandari Pokhari,Kulcharam,Dhaniakhali,Gandhwani,Sivakasi,Orai,Peeplu,,,Alamnagar,Hajipur,Banka,Yangte,Khoirabari,Matar,Amod,,,,Ichak,Hat Gamharia
Sengaon,Shorapur,Dhamanagar,Tekmal,Pandua,Kukshi,Kariapatti,Konch,Niwai,,,Chausa,Bidupur,Shambhuganj,Sangram,Sipajhar,Nadiad,Vagra,,,,Tati Jhariya,Chaibasa
Aundha,Shahpur,Bhadrak Rural,Alladurg,Balagarh,Dahi,Tiruchuli,Jhansi,Todaraisingh,,,Saharsa,Desri,Amarpur,Nyapin,Mangaldoi,Mahudha,Jhagadia,,,,Daru,Tantnagar
Kalamnuri,Kolar,Basudebpur,Regode,Chinsurah-Magra,Manawar,Aruppukkottai,Moth,Deoli,,,Nauhatta,Sahdai Buzurg,Rajaun,Phassang,Kalaigaon,Thasra,Anklesvar,,,,Barkatha,Manjhari
Basmath,Srinivaspur,Naikanidihi,Raikode,Polba-Dadpur,Dharampuri,Sattur,Garautha,Uniara,,,Satar Kataiya,Mahnar,Dhuraiya,Koloriang,Dalgaon,Panch Mahals,Hansot,,,,Chalkusa,Jhinkpani
Parbhani,Malur,Tihidi,Nyalkal,Haripal,Indore,Ramanathapuram,Tahrauli,Bundi,,,Mahishi,Samastipur,Barahat,Chambang,Udalguri,Khanpur,Valia,,,,Bishungarh,Jagannathpur
Sailu,Bangarapet,Dhusuri,Zahirabad,Singur,Depalpur,Tiruvadanai,Mauranipur,Hindoli,,,Kahara,Warisnagar,Phulidumar,Gangte,Harisinga,Kadana,The Dangs,,,,Hazaribag,Kumardungi
Jintur,Mulbagal,Chandabali,Kohir,Serampur Uttarpara,Hatod,Paramakudi,Lalitpur,Nainwa,,,Saur Bazar,Shivaji Nagar,Belhar,Tarak-Lengdi,Mazbat,Santrampur,Navsari,,,,Katkamsandi,Majhgaon
Manwath,Chikkaballapura,Bansada,Jharasangam,Chanditala,Sawer,Mudukulathur,Talbehat,Indragarh,,,Patarghat,Khanpur,Chanan,Sarli,Sono,Lunawada,Jalalpore,,,,Katamdag,Saraikela-Kharsawan
Pathri,Gauribidanur,Dhamara Marine,Munpalle,Jangipara,Mhow,Kamuthi,Mahroni,Keshoraipatan,,,Simri Bakhtiarpur,Pusa,Katoria,Parsi-Parlo,Chakai,Shehera,Gandevi,,,,Keredari,Kuchai
Sonpeth,Gudibanda,Kendrapara,Pulkal,Khanakul,Khargone,Kadaladi,Hamirpur,Bhilwara,,,Salkhua,Tajpur,Bausi,Damin,Jehanabad,Morwa,Chikhli,,,,Barkagaon,Kharsawan
Gangakhed,Bagepalli,Rajkanika,Andole,Bankura,Barwaha,Rameswaram,Rath,Asind,,,Banma Itahri,Morwa,Munger,Longding Koling,Ratni Faridpur,Godhra,Bansda,,,,Churchu,Chandil
Palam,Sidlaghatta,Rajnagar,Kowdipalle,Saltora,Maheshwar,Thoothukkudi,Sarila,Hurda,,,Darbhanga,Patori,Bariarpur,Tali,Kako,Ghoghamba,Valsad,,,,Dadi,Ichagarh
Purna,Chintamani,Jamboo Marine,Yeldurthy,Mejhia,Kasrawad,Kovilpatti,Maudaha,Banera,,,Jale,Mohanpur,Jamalpur,Dibang Valley,Modanganj,Halol,Dharampur,,,,Ramgarh,Kukru
Jalna,Bangalore Rural,Aali,Tupran,Gangajalghati,Segaon,Ettayapuram,Mahoba,Mandal,,,Singhwara,Mohiuddinagar,Dharhara,Mipi,Ghoshi,Jambughoda,Pardi,,,,Patratu,Nimdih
Bhokardan,Nelamangala,Pattamundai,Gajwel,Chhatna,Bhikangaon,Vilathikulam,Kulpahar,Sahara,,,Keotiranway,Sarairanjan,Kharagpur,Anini,Makhdumpur,Dohad,Kaprada,,,,Mandu,Adityapur
Jafferabad,Dod Ballapur,Kendrapara Sadar,Jagdevpur,Indpur,Gogaon,Ottapidaram,Charkhari,Kotri,,,Manigachhi,Vidyapati Nagar,Asarganj,Etalin,Hulasganj,Fatepura,Umbergaon,,,,Dulmi,Saraikela
Badnapur,Devanahalli,Nikirai,Wargal,Barjora,Bhagwanpura,Srivaikuntam,Banda,Jahazpur,,,Tardih,Dalsinghsarai,Tarapur,Anelih,Arwal,Jhalod,Surat,,,,Chitarpur,Jamshedpur
Ambad,Hosakote,Derabish,Mulug,Sonamukhi,Jhiranya,Tiruchendur,Baberu,Mandalgarh,,,Alinagar,Ujiarpur,Tetiha Bambor,Kronli,Kaler,Limkheda,Olpad,,,,Gola,
Ghansawangi,Ramanagara,Patkura,Shivampet,Patrasayer,Barwani,Sathankulam,Atarra,Beejoliya,,,Benipur,Bibhutpur,Lakhisarai,Lower Dibang Valley,Karpi,Garbada,Umarpada,,,,Dumka,
Partur,Magadi,Marsaghai,Narsapur,Indus,Pati,Tirunelveli,Naraini,Rajsamand,,,Bahadurpur,Rosera,Barahiya,Hunli,Sonbhadra Banshi Suryapur,Devgadbaria,Kamrej,,,,Saraiyahat,
Mantha,Channapatna,Mahakalapada,Hathnoora,Kotulpur,Thikri,Sivagiri,Chitrakoot,Bhim,,,Hanumannagar,Singhia,Pipariya,Desali,Kurtha,Dhanpur,Surat City,,,,Jarmundi,
Aurangabad,Kanakapura,Jagatsinghapur,Sadasivpet,Jaypur,Anjad,Sankarankoil,Karwi,Deogarh,,,Hayaghat,Hasanpur,Surajgarha,Roing,,Vadodara,Chorasi,,,,Gopikandar,
Kannad,bengaluru,Paradip,Kondapur,Vishnupur,Rajpur,Veerakeralamputhur,Mau,Amet,,,Baheri,Bithan,Ramgarh Chowk,Dambuk,,Savli,Palsana,,,,Kathikund,
Soegaon,banglore,Paradeep Lock,Sangareddy,Onda,Pansemal,Tenkasi,Fatehpur,Kumbhalgarh,,,Biraul,Begusarai,Halsi,Tinali,,Vaghodia,Bardoli,,,,Shikaripara,
Sillod,,Kujang,Jinnaram,Taldangra,Niwali,Shenkottai,Bindki,Railmagra,,,Ghanshyampur,Khudabandpur,Sheikhpura,Koronu,,Jetpur Pavi,Tapi,,,,Ranishwar,
Phulambri,,Abhyachandpur,Patancheru,Simlapal,Sendhwa,Alangulam,Khaga,Nathdwara,,,Kiratpur,Chhorahi,Barbigha,Lohit,,Chhota Udaipur,Nizar,,,,Jama,
Khuldabad,,Ersama,Ramachandrapuram,Khatra,Varla,Palayamkottai,Pratapgarh,Dungarpur,,,Gora Bauram,Garhpura,Shekhopur Sarai,Sunpura,,Kavant,Uchchhal,,,,Masalia,
Vaijapur,,Tirtol,Hyderabad,Hirbandh,Rajgarh,Ambasamudram,Kunda,Aspur,,,Kusheshwar Asthan,Cheria Bariarpur,Ghat Kusumbha,Tezu,,Nasvadi,Songadh,,,,Jamtara,
Gangapur,,Biridi,Shaikpet,Ranibundh,Jirapur,Nanguneri,Patti,Sagwara,,,Kusheshwar Asthan Purbi,Mansurchak,Chewara,Wakro,,Sankheda,Vyara,,,,Narayanpur,
Paithan,,Naugaon,Ameerpet,Raipur,Khilchipur,Radhapuram,Raniganj,Simalwara,,,Muzaffarpur,Bachhwara,Ariari,Chongkham,,Dabhoi,Valod,,,,Karma Tanr Vidyasagar,
Nashik,,Balikuda,Secunderabad,Sarenga,Biaora,Kanniyakumari,Kaushambi,Banswara,,,Sahebganj,Teghra,Nalanda,Namsai,,Padra,,,,,Nala,
Surgana,,Cuttack,Tirumalagiri,Puruliya,Sarangpur,Vilavancode,Sirathu,Ghatol,,,Baruraj,Barauni,Karai Parsurai,Lathao,,Karjan,,,,,Fatehpur,
Kalwan,,Narasinghpur,Maredpalle,Jaipur,Narsinghgarh,Kalkulam,Manjhanpur,Garhi,,,Paroo,Birpur,Nagar Nausa,Piyong,,Sinor,,,,,Kundhit,
Deola,,Kanpur,Musheerabad,Purulia,Pachore,Thovala,Chail,Bagidora,,,Saraiya,Naokothi,Harnaut,Lekang,,Narmada,,,,,Ranchi,
Baglan,,Badamba,Amberpet,Para,Vidisha,Agastheeswaram,Allahabad,Kushalgarh,,,Marwan,Bakhri,Chandi,Anjaw,,Tilakwada,,,,,Burmu,
Nandgaon,,Baidyeswar,Himayathnagar,Raghunathpur,Lateri,Dharmapuri,Soraon,Chittaurgarh,,,Kanti,Dandari,Rahui,Hayuliang,,Nandod,,,,,Khelari,
Chandvad,,Banki,Nampally,Neturia,Sironj,Palakkodu,Phulpur,Rashmi,,,Minapur,Sahebpur Kamal,Bind,Manchal,,Dediapada,,,,,Kanke,
Dindori,,Tigiria,Khairatabad,Santuri,Kurwai,Harur,Bara,Gangrar,,,Bochaha,Balia,Sarmera,Goiliang,,Sagbara,,,,,Ormanjhi,
Peint,,Athagad,Asifnagar,Kashipur,Basoda,Pappireddipatti,Karchhana,Begun,,,Aurai,Matihani,Asthawan,Chaglagam,,Bharuch,,,,,Angara,
Trimbakeshwar,,Barang,Golconda,Hura,Tyonda,Pennagaram,Handia,Rawatbhata,,,Katra,Shamho Akha Kurha,Bihar,Metengliang,,Jambusar,,,,,Rahe,
Igatpuri,,Gurudijhatia,Bahadurpura,Puncha,Nateran,Krishnagiri,Meja,Kapasan,,,Gaighat,Khagaria,Noorsarai,Kibithoo,,Amod,,,,,Silli,
Sinnar,,Khuntuni,Bandlaguda,Arsha,Shamshabad,Hosur,Koraon,Dungla,,,Bandra,Alauli,Tharthari,Walong,,Vagra,,,,,Sonahatu,
Niphad,,Choudwar,Charminar,Jhalda,Gyaraspur,Denkanikottai,Bara Banki,Bhadesar,,,Dholi,Mansi,Parbalpur,Hawai,,Jhagadia,,,,,Namkum,
Yevla,,Tangi,Saidabad,Bagmundi,Gulabganj,Pochampalli,Ramnagar,Nimbahera,,,Musahri,Chautham,Hilsa,Barh,,Anklesvar,,,,,Ratu,
Thane,,Mahanga,Rangareddy,Balarampur,Bhopal,Uthangarai,Sirauli Gauspur,Bari Sadri,,,Kurhani,Beldaur,Ekangarsarai,Pandarak,,Hansot,,,,,Nagri,
Talasari,,Salepur,Marpalle,Barabazar,Berasia,Coimbatore,Ramsanehighat,Kota,,,Sakra,Gogri,Islampur,Ghoswari,,Valia,,,,,Mandar,
Dahanu,,Nischintakoili,Mominpet,Manbazar,Sehore,Mettupalayam,Haidergarh,Pipalda,,,Gopalganj,Parbatta,Ben,Mokameh,,The Dangs,,,,,Chanho,
Vikramgad,,Nemalo,Nawabpet,Bundwan,Shyampur,Sulur,Faizabad,Digod,,,Katiya,Bhagalpur,Rajgir,Bhojpur,,Navsari,,,,,Bero,
Jawhar,,Kishannagar,Shankarpalle,Haora,Ashta,Coimbatore North,Rudauli,Ladpura,,,Bijaipur,Narayanpur,Silao,Arrah,,Jalalpore,,,,,Itki,
Mokhada,,Jagatpur,Serilingampally,Udaynarayanpur,Jawar,Coimbatore South,Milkipur,Ramganj Mandi,,,Bhorey,Bihpur,Giriak,Koilwar,,Gandevi,,,,,Lapung,
Vada,,Cuttack Sadar,Balanagar,Amta,Ichhawar,Pollachi,Sohawal,Sangod,,,Pach Deuri,Kharik,Katrisarai,Sandesh,,Chikhli,,,,,Bundu,
Palghar,,Kandarpur,Qutubullapur,Jagatballavpur,Nasrullaganj,Valparai,Bikapur,Baran,,,Kuchaikote,Naugachhia,Patna,Udwant Nagar,,Bansda,,,,,Tamar I,
Vasai,,Gobindpur,Medchal,Domjur,Budni,Tiruppur,Ambedkar Nagar,Mangrol,,,Phulwaria,Rangra Chowk,Maner,Behea,,Valsad,,,,,Khunti,
Bhiwandi,,Olatapur,Shamirpet,Bally Jagachha,Rehti,Kangeyam,Allapur,Antah,,,Hathua,Gopalpur,Dinapur-Cum-Khagaul,Piro,,Dharampur,,,,,Karra,
Shahapur,,Niali,Malkajgiri,Sankrail,Raisen,Dharapuram,Jalalpur,Atru,,,Uchkagaon,Pirpainti,Patna Rural,Charpokhari,,Pardi,,,,,Torpa,
Kalyan,,Jajapur,Keesara,Panchla,Gairatganj,Avanashi,Bhiti,Kishanganj,,,Thawe,Colgong,Sampatchak,Garhani,,Kaprada,,,,,Rania,
Ulhasnagar,,Sukinda,Ghatkesar,Uluberia,Begamganj,Palladam,Sultanpur,Shahbad,,,Manjha,Ismailpur,Phulwari,Agiaon,,Umbergaon,,,,,Murhu,
Ambarnath,,Tomka,Uppal,Bagnan,Goharganj,Udumalaipettai,Musafirkhana,Chhabra,,,Barauli,Sabour,Bihta,Tarari,,Surat,,,,,Erki,
Murbad,,Kaliapani,Hayathnagar,Shyampur,Baraily,Madathukulam,Gauriganj,Chhipabarod,,,Sidhwalia,Nathnagar,Naubatpur,Sahar,,Olpad,,,,,Gumla,
Mumbai Suburban,,Kalinganagar,Saroornagar,Kolkata,Badi,trichy,Amethi,Jhalawar,,,Baikunthpur,Sultanganj,Bikram,Buxar,,Umarpada,,,,,Bishunpur,
,,Jakhapura,Rajendranagar,South Twenty Four Parganas,Silwani,,Jaisinghpur,Khanpur,,,Siwan,Shahkund,Dulhin Bazar,Simri,,Kamrej,,,,,Ghaghra,
Mumbai,,Jajapur Road,Moinabad,Thakurpukur Mahestola,Udaipura,,Lambhua,Jhalrapatan,,,Barharia,Goradih,Paliganj,Chakki,,Surat City,,,,,Sisai,
Raigarh,,Korai,Chevella,Budge Budge,Betul,,Kadipur,Aklera,,,Goriakothi,Jagdishpur,Masaurhi,Barhampur,,Chorasi,,,,,Verno,
Uran,,Panikoili,Vicarabad,Bishnupur,Bhainsdehi,,Bahraich,Manohar Thana,,,Lakri Nabiganj,Sonhaula,Dhanarua,Chaugain,,Palsana,,,,,Kamdara,
Panvel,,Jajpur Sadar,Dharur,Sonarpur,Athner,,Nanpara,Pachpahar,,,Bhagwanpur Hat,Banka,Punpun,Kesath,,Bardoli,,,,,Basia,
Karjat,,Dharmasala,Bantwaram,Bhangar,Chicholi,,Mahasi,Pirawa,,,Maharajganj,Shambhuganj,Fatwah,Dumraon,,Tapi,,,,,Albert Ekka,
Khalapur,,Jenapur,Peddemul,Canning,Ghoda Dongri,,Kaiserganj,Gangdhar,,,Pachrukhi,Amarpur,Daniawan,Rajpur,,Nizar,,,,,Raidih,
Pen,,Kuakhia,Basheerabad,Baruipur,Shahpur,,Shrawasti,Udaipur,,,Hussainganj,Rajaun,Khusrupur,Itarhi,,Uchchhal,,,,,Palkot,
Alibag,,Badachana,Yelal,Magrahat,Multai,,Bhinga,Mavli,,,Ziradei,Dhuraiya,Bakhtiarpur,Nawanagar,,Songadh,,,,,Simdega,
Murud,,Balichandrapur,Doma,Falta,Amla,,Ikauna,Gogunda,,,Mairwa,Barahat,Athmalgola,Kaimur,,Vyara,,,,,Pakar Tanr,
Roha,,Binjharpur,Gandeed,Diamond Harbour,Harda,,Balrampur,Kotra,,,Guthani,Phulidumar,Belchhi,Ramgarh,,Valod,,,,,Kurdeg,
Sudhagad,,Bari-Ramachandrapur,Kulkacharla,Kulpi,Khirkiya,,Tulsipur,Jhadol,,,Darauli,Belhar,Barh,Nuaon,,,,,,,Kersai,
Mangaon,,Mangalpur,Pargi,Mandirbazar,Sirali,,Utraula,Girwa,,,Andar,Chanan,Pandarak,Kudra,,,,,,,Bolba,
Tala,,Dhenkanal,Pudur,Mathurapur,Handiya,,Gonda,Vallabhnagar,,,Raghunathpur,Katoria,Ghoswari,Mohania,,,,,,,Thethaitangar,
Shrivardhan,,Parajang,Shabad,Jaynagar,Timarni,,Colonelganj,Lasadiya,,,Hasanpura,Bausi,Mokameh,Durgawati,,,,,,,Kolebira,
Mhasla,,Kamakshyanagar,Shamshabad,Kultali,Rehatgaon,,Tarabganj,Salumbar,,,Daraundha,Munger,Bhojpur,Chand,,,,,,,Jaldega,
Mahad,,Kankadahad,Maheswaram,Basanti,Hoshangabad,,Mankapur,Sarada,,,Siswan,Bariarpur,Arrah,Chainpur,,,,,,,Bansjor,
Poladpur,,Bhuban,Kandukur,Gosaba,Seoni-Malwa,,Siddharthnagar,Rishabhdeo,,,Saran,Jamalpur,Koilwar,Bhabua,,,,,,,Bano,
Pune,,Gandia,Manchal,Kakdwip,Itarsi,,Shohratgarh,Kherwara,,,Mashrakh,Dharhara,Sandesh,Adhaura,,,,,,,Pashchimi Singhbhum,
Junnar,,Nihalprasad,Yacharam,Sagar,Dolariya,,Naugarh,Pratapgarh,,,Panapur,Kharagpur,Udwant Nagar,Rohtas,,,,,,,Sonua,
Ambegaon,,Tumusingha,Mahbubnagar,Namkhana,Babai,,Bansi,Dhariawad,,,Taraiya,Asarganj,Behea,Kochas,,,,,,,Gudri,
Shirur,,Motunga,Kodangal,Patharpratima,Sohagpur,,Itwa,Peepalkhoont,,,Ishupur,Tarapur,Piro,Dinara,,,,,,,Bandgaon,
Khed,,Bhusan Steel Limited,Bomraspet,Paschim Medinipur,Pipariya,,Domariyaganj,Chhoti Sadri,,,Baniapur,Tetiha Bambor,Charpokhari,Dawath,,,,,,,Chakradharpur,
Mawal,,Balimi,Kosgi,Binpur,Bankhedi,,Basti,Arnod,,,Lahladpur,Lakhisarai,Garhani,Suryapura,,,,,,,Khuntpani,
Mulshi,,Hindol,Doulathabad,Garbeta,Katni,,Bhanpur,,,,Ekma,Barahiya,Agiaon,Bikramganj,,,,,,,Goilkera,
Haveli,,Rasol,Damaragidda,Chandrakona,Murwara,,Harraiya,,,,Manjhi,Pipariya,Tarari,Karakat,,,,,,,Anandpur,
Pune City,,Dhenkanal Sadar,Maddur,Ghatal,Rithi,,Rudhauli,,,,Jalalpur,Surajgarha,Sahar,Nasriganj,,,,,,,Manoharpur,
Daund,,Anugul,Hanwada,Daspur,Barhi,,Sant Kabir Nagar,,,,Revelganj,Ramgarh Chowk,Buxar,Sanjhauli,,,,,,,Noamundi,
Purandhar,,Palalahada,Kondurg,Keshpur,Badwara,,Mehdawal,,,,Chapra,Halsi,Simri,Nokha,,,,,,,Tonto,
Velhe,,Khamar,Farooqnagar,Salbani,Vijayraghavgarh,,Khalilabad,,,,Nagra,Sheikhpura,Chakki,Kargahar,,,,,,,Hat Gamharia,
Bhor,,Rengali Damsite,Kothur,Midnapore,Bahoriband,,Ghanghata,,,,Marhaura,Barbigha,Barhampur,Chenari,,,,,,,Chaibasa,
Baramati,,Kaniha,Keshampet,Jhargram,Dhimarkheda,,Mahrajganj,,,,Amnour,Shekhopur Sarai,Chaugain,Sheosagar,,,,,,,Tantnagar,
Indapur,,Samal Barrage,Talakondapalle,Jamboni,Jabalpur,,Nautanwa,,,,Maker,Ghat Kusumbha,Kesath,Sasaram,,,,,,,Manjhari,
Ahmadnagar,,Talcher Sadar,Amangal,Gopiballavpur,Sihora,,Nichlaul,,,,Parsa,Chewara,Dumraon,Akorhi Gola,,,,,,,Jhinkpani,
Sangamner,,Colliery,Madgul,Nayagram,Majholi,,Pharenda,,,,Dariapur,Ariari,Rajpur,Dehri,,,,,,,Jagannathpur,
Kopargaon,,Bikrampur,Veldanda,Kharagpur,Patan,,Gorakhpur,,,,Garkha,Nalanda,Itarhi,Tilouthu,,,,,,,Kumardungi,
Rahta,,Nalco,Midjil,Debra,Shahpura,,Campierganj,,,,Dighwara,Karai Parsurai,Nawanagar,Aurangabad,,,,,,,Majhgaon,
Shrirampur,,Banarpal,Jadcherla,Pingla,Panagar,,Sahjanwa,,,,Sonepur,Nagar Nausa,Kaimur,Daudnagar,,,,,,,Saraikela-Kharsawan,
Nevasa,,Jarapada,Koilkonda,Sabang,Kundam,,Chauri Chaura,,,,Vaishali,Harnaut,Ramgarh,Haspura,,,,,,,Kuchai,
Shevgaon,,Industrial,Narayanpet,Narayangarh,Narsimhapur,,Bansgaon,,,,Paterhi Belsar,Chandi,Nuaon,Goh,,,,,,,Kharsawan,
Pathardi,,Chhendipada,Utkoor,Keshiary,Gotegaon,,Khajni,,,,Lalganj,Rahui,Kudra,Rafiganj,,,,,,,Chandil,
Nagar,,Handapa,Dhanwada,Dantan,Gadarwara,,Gola,,,,Bhagwanpur,Bind,Mohania,Obra,,,,,,,Ichagarh,
Rahuri,,Kishorenagar,Devarkadra,Mohanpur,Kareli,,Kushinagar,,,,Goraul,Sarmera,Durgawati,Barun,,,,,,,Kukru,
Parner,,Athmallik,Bhoothpur,Purba Medinipur,Dindori,,Padrauna,,,,Chehra Kalan,Asthawan,Chand,Nabinagar,,,,,,,Nimdih,
Shrigonda,,Kiakata,Thimmajipet,Panskura,Mandla,,Hata,,,,Patepur,Bihar,Chainpur,Kutumba,,,,,,,Adityapur,
Jamkhed,,Thakurgarh,Kalwakurthy,Kolaghat,Niwas,,Kasya,,,,Mahua,Noorsarai,Bhabua,Deo,,,,,,,Saraikela,
Bid,,Purunakot,Vangoor,Tamluk,Narayanganj,,Tamkuhi Raj,,,,Jandaha,Tharthari,Adhaura,Madanpur,,,,,,,Jamshedpur,
Patoda,,Bantala,Amrabad,Sahid Matangini,Ghughari,,Deoria,,,,Raja Pakar,Parbalpur,Rohtas,Gaya,,,,,,,,
Georai,,Nayagarh,Achampet,Nanda Kumar,Bichhiya,,Rudrapur,,,,Hajipur,Hilsa,Kochas,Konch,,,,,,,,
Manjlegaon,,Gania,Uppununthala,Mahisadal,Nainpur,,Barhaj,,,,Bidupur,Ekangarsarai,Dinara,Tikari,,,,,,,,
Wadwani,,Dasapalla,Telkapalle,Moyna,Chhindwara,,Salempur,,,,Desri,Islampur,Dawath,Belaganj,,,,,,,,
Kaij,,Banigochha,Tadoor,Potashpur,Tamia,,Bhatpar Rani,,,,Sahdai Buzurg,Ben,Suryapura,Khizirsarai,,,,,,,,
Dharur,,Nuagaon,Nagarkurnool,Bhagawanpur,Amarwara,,Azamgarh,,,,Mahnar,Rajgir,Bikramganj,Neem Chak Bathani,,,,,,,,
Parli,,Khandapada,Bijinapalle,Chandipur,Harrai,,Burhanpur,,,,Samastipur,Silao,Karakat,Muhra,,,,,,,,
Ambejogai,,Fategarh,Ghanpur,Sutahata,Chaurai,,Sagri,,,,Warisnagar,Giriak,Nasriganj,Atri,,,,,,,,
Latur,,Itamati,Addakal,Haldia,Jamai,,Nizamabad,,,,Shivaji Nagar,Katrisarai,Sanjhauli,Manpur,,,,,,,,
Renapur,,Nayagarh Sadar,Chinnachintakunta,Nandigram,Parasia,,Mehnagar,,,,Khanpur,Patna,Nokha,,,,,,,,,
Ahmadpur,,Odagaon,Narva,Khejuri,Umreth,,Ghosi,,,,Pusa,Maner,Kargahar,Paraiya,,,,,,,,
Jalkot,,Sarankul,Makthal,Contai,Mohkhed,,Madhuban,,,,Tajpur,Dinapur-Cum-Khagaul,Chenari,Guraru,,,,,,,,
Chakur,,Ranapur,Maganoor,Deshopran,Sausar,,Maunath Bhanjan,,,,Morwa,Patna Rural,Sheosagar,Gurua,,,,,,,,
Shirur-Anantpal,,Khordha,Atmakur,Egra,Bichhua,,Muhammadabad Gohna,,,,Patori,Sampatchak,Sasaram,Amas,,,,,,,,
Ausa,,Bolagad,Kothakota,Ramnagar,Pandhurna,,Ballia,,,,Mohanpur,Phulwari,Akorhi Gola,Banke Bazar,,,,,,,,
Nilanga,,Begunia,Peddamandadi,Durgapur,Seoni,,Belthara Road,,,,Mohiuddinagar,Bihta,Dehri,Imamganj,,,,,,,,
Deoni,,Khordha Sadar,Wanaparthy,,Lakhnadon,,Sikanderpur,,,,Sarairanjan,Naubatpur,Tilouthu,Dumaria,,,,,,,,
Udgir,,Chandaka,Gopalpeta,,Chhapara,,Rasra,,,,Vidyapati Nagar,Bikram,Aurangabad,Sherghati,,,,,,,,
Osmanabad,,Nandankanan,Balmoor,,Ghansaur,,Bansdih,,,,Dalsinghsarai,Dulhin Bazar,Daudnagar,Dobhi,,,,,,,,
Paranda,,Saheednagar,Lingal,,Dhanora,,Bairia,,,,Ujiarpur,Paliganj,Haspura,Bodh Gaya,,,,,,,,
Bhum,,Mancheswar,Peddakothapalle,,Keolari,,Jaunpur,,,,Bibhutpur,Masaurhi,Goh,Tan Kuppa,,,,,,,,
Washi,,Balianta,Kodair,,Barghat,,Shahganj,,,,Rosera,Dhanarua,Rafiganj,Wazirganj,,,,,,,,
Tuljapur,,Balipatna,Pangal,,Kurai,,Badlapur,,,,Singhia,Punpun,Obra,Barachatti,,,,,,,,
Lohara,,Lingaraj,Pebbair,,Balaghat,,Machhlishahr,,,,Hasanpur,Fatwah,Barun,Nawada,,,,,,,,
Umarga,,Airfield,Gadwal,,Katangi,,Mariahu,,,,Bithan,Daniawan,Nabinagar,Nardiganj,,,,,,,,
Solapur,,Uttara,Maldakal,,Tirodi,,Kerakat,,,,Begusarai,Khusrupur,Kutumba,Warisaliganj,,,,,,,,
Karmala,,Khandagiri,Ghattu,,Waraseoni,,Ghazipur,,,,Khudabandpur,Bakhtiarpur,Deo,Kashi Chak,,,,,,,,
Madha,,Tamando,Ieej,,Khairlanji,,Jakhania,,,,Chhorahi,Athmalgola,Madanpur,Pakribarawan,,,,,,,,
Barshi,,Jatani,Itikyal,,Lalbarra,,Saidpur,,,,Garhpura,Belchhi,Gaya,Kawakol,,,,,,,,
Solapur North,,Jankia,Veepangandla,,Kirnapur,,Mohammadabad,,,,Cheria Bariarpur,Barh,Konch,Roh,,,,,,,,
Mohol,,Nirakarpur,Kollapur,,Baihar,,Zamania,,,,Mansurchak,Pandarak,Tikari,Gobindpur,,,,,,,,
Pandharpur,,Balugaon,Waddepalle,,Paraswada,,Chandauli,,,,Bachhwara,Ghoswari,Belaganj,Akbarpur,,,,,,,,
Malshiras,,Banapur,Manopad,,Lanji,,Sakaldiha,,,,Teghra,Mokameh,Khizirsarai,Hisua,,,,,,,,
Sangole,,Bhubaneswar,Alampur,,Guna,,Chakia,,,,Barauni,Bhojpur,Neem Chak Bathani,Narhat,,,,,,,,
Mangalvedhe,,Puri,Nalgonda,,Bamori,,Varanasi,,,,Birpur,Shahpur,Muhra,Meskaur,,,,,,,,
Solapur South,,Delanga,Bommalaramaram,,Raghogarh,,Pindra,,,,Naokothi,Arrah,Atri,Sirdala,,,,,,,,
Akkalkot,,Pipili,M.Turkapalle,,Maksoodangarh,,Sant Ravidas Nagar,,,,Bakhri,Koilwar,Manpur,Rajauli,,,,,,,,
Satara,,Nimapada,Rajapet,,Kumbhraj,,Bhadohi,,,,Dandari,Sandesh,,Jamui,,,,,,,,
Mahabaleshwar,,Kakatpur,Yadagirigutta,,Aron,,Gyanpur,,,,Sahebpur Kamal,Udwant Nagar,Paraiya,Islamnagar Aliganj,,,,,,,,
Wai,,Astaranga,Alair,,Chachaura,,Aurai,,,,Balia,Behea,Guraru,Sikandra,,,,,,,,
Khandala,,Konark,Gundala,,Ashoknagar,,Mirzapur,,,,Matihani,Piro,Gurua,Barhat,,,,,,,,
Phaltan,,Gop,Thirumalgiri,,Isagarh,,Marihan,,,,Shamho Akha Kurha,Charpokhari,Amas,Lakshmipur,,,,,,,,
Man,,Ramachandi,Thungathurthi,,Chanderi,,Chunar,,,,Khagaria,Garhani,Banke Bazar,Jhajha,,,,,,,,
Khatav,,Satyabadi,Nuthankal,,Shadhora,,Sonbhadra,,,,Alauli,Agiaon,Imamganj,Gidhaur,,,,,,,,
Koregaon,,Chandanpur,Jaji Reddi Gudem,,Mungaoli,,Ghorawal,,,,Mansi,Tarari,Dumaria,Khaira,,,,,,,,
Jaoli,,Brahmagiri,Sali Gouraram,,Shahdol,,Robertsganj,,,,Chautham,Sahar,Sherghati,Sono,,,,,,,,
Patan,,Gadisagada,Mothkur,,Beohari,,Dudhi,,,,Beldaur,Buxar,Dobhi,Chakai,,,,,,,,
Karad,,Krushna Prasad,Valigonda,,Jaisinghnagar,,Etah,,,,Gogri,Simri,Bodh Gaya,Jehanabad,,,,,,,,
Ratnagiri,,Ganjam,Bhongir,,Jaitpur,,Aliganj,,,,Parbatta,Chakki,Tan Kuppa,Ratni Faridpur,,,,,,,,
Mandangad,,Tarasingi,Bibinagar,,Anuppur,,Jalesar,,,,Bhagalpur,Barhampur,Wazirganj,Kako,,,,,,,,
Dapoli,,Buguda,Pochampalle,,Kotma,,Kanshiram Nagar,,,,Narayanpur,Chaugain,Barachatti,Modanganj,,,,,,,,
Chiplun,,Jagannath Prasad,Choutuppal,,Jaithari,,Kasganj,,,,Bihpur,Kesath,Nawada,Ghoshi,,,,,,,,
Guhagar,,Bhanjanagar,Ramannapeta,,Pushparajgarh,,Sahawar,,,,Kharik,Dumraon,Nardiganj,Makhdumpur,,,,,,,,
Sangameshwar,,Gangapur,Chityala,,Sidhi,,Patiyali,,,,Naugachhia,Rajpur,Warisaliganj,Hulasganj,,,,,,,,
Lanja,,Surada,Narketpalle,,Rampur Naikin,,noida,,,,Rangra Chowk,Itarhi,Kashi Chak,Arwal,,,,,,,,
Rajapur,,Badagada,Kattangoor,,Churhat,,Ayodhya,,,,Gopalpur,Nawanagar,Pakribarawan,Kaler,,,,,,,,
Sindhudurg,,Asika,Nakrekal,,Gopadbanas,,,,,,Pirpainti,Kaimur,Kawakol,Karpi,,,,,,,,
Devgad,,Dharakote,Kethe Palle,,Sihawal,,,,,,Colgong,Ramgarh,Roh,Sonbhadra Banshi Suryapur,,,,,,,,
Vaibhavvadi,,Kabisuryanagar,Suryapet,,Majhauli,,,,,,Ismailpur,Nuaon,Gobindpur,Kurtha,,,,,,,,
Kankavli,,Polasara,Chivvemla,,Kusmi,,,,,,Sabour,Kudra,Akbarpur,,,,,,,,,
Malwan,,Kodala,Mothey,,Singrauli,,,,,,Nathnagar,Mohania,Hisua,,,,,,,,,
Vengurla,,Khalikote,Nadigudem,,Chitrangi,,,,,,Sultanganj,Durgawati,Narhat,,,,,,,,,
Kudal,,Rambha,Munagala,,Deosar,,,,,,Shahkund,Chand,Meskaur,,,,,,,,,
Sawantwadi,,Chhatrapur,Penpahad,,Jhabua,,,,,,Goradih,Chainpur,Sirdala,,,,,,,,,
Dodamarg,,Chamakhandi,Vemulapalle,,Thandla,,,,,,Jagdishpur,Bhabua,Rajauli,,,,,,,,,
Kolhapur,,Arjyapalli Marine,Thipparthi,,Petlawad,,,,,,Sonhaula,Rampur,Jamui,,,,,,,,,
Shahuwadi,,Purusottampur,Munugode,,Meghnagar,,,,,,Banka,Adhaura,Islamnagar Aliganj,,,,,,,,,
Panhala,,Hinjili,Narayanapur,,Ranapur,,,,,,Shambhuganj,Rohtas,Sikandra,,,,,,,,,
Hatkanangle,,Patapur,Marriguda,,Alirajpur,,,,,,Amarpur,Kochas,Barhat,,,,,,,,,
Shirol,,Seragad,Chintha Palle,,Bhavra,,,,,,Rajaun,Dinara,Lakshmipur,,,,,,,,,
Karvir,,Brahmapur Sadar,Gundla Palle,,Jobat,,,,,,Dhuraiya,Dawath,Jhajha,,,,,,,,,
Bavda,,Gopalpur,Chandam Pet,,Khandwa,,,,,,Barahat,Suryapura,Gidhaur,,,,,,,,,
Radhanagari,,Golanthara,Devarakonda,,Harsud,,,,,,Phulidumar,Bikramganj,Khaira,,,,,,,,,
Kagal,,Digapahandi,Nampalle,,Khalwa,,,,,,Belhar,Karakat,Sono,,,,,,,,,
Bhudargad,,Jarada,Chandur,,Punasa,,,,,,Chanan,Nasriganj,Chakai,,,,,,,,,
Ajra,,Ramagiri,Kangal,,Pandhana,,,,,,Katoria,Sanjhauli,Jehanabad,,,,,,,,,
Gadhinglaj,,Brahmapur,Gurrampode,,Burhanpur,,,,,,Bausi,Nokha,Ratni Faridpur,,,,,,,,,
Chandgad,,Gajapati,Pedda Adiserla Palle,,Khaknar,,,,,,Munger,Kargahar,Kako,,,,,,,,,
Sangli,,Adva,Peddavoora,,Nepanagar,,,,,,Bariarpur,Chenari,Modanganj,,,,,,,,,
Shirala,,Mohana,Anumula,,,,,,,,Jamalpur,Sheosagar,Ghoshi,,,,,,,,,
Walwa,,Serango,Nidamanur,,,,,,,,Dharhara,Sasaram,Makhdumpur,,,,,,,,,
Palus,,Kashinagara,Thripuraram,,,,,,,,Kharagpur,Akorhi Gola,Hulasganj,,,,,,,,,
Kadegaon,,Parlakhemundi,Dameracherla,,,,,,,,Asarganj,Dehri,Arwal,,,,,,,,,
Khanapur,,Gurandi,Miryalaguda,,,,,,,,Tarapur,Tilouthu,Kaler,,,,,,,,,
Atpadi,,Rayagada,Neredcherla,,,,,,,,Tetiha Bambor,Aurangabad,Karpi,,,,,,,,,
Tasgaon,,Garabandha,Garide Palle,,,,,,,,Lakhisarai,Daudnagar,Sonbhadra Banshi Suryapur,,,,,,,,,
Miraj,,Kandhamal,Chilkur,,,,,,,,Barahiya,Haspura,Kurtha,,,,,,,,,
Kavathemahankal,,Gochhapada,Kodad,,,,,,,,Pipariya,Goh,,,,,,,,,,
Jat,,Phulabani,Huzurnagar,,,,,,,,Surajgarha,Rafiganj,,,,,,,,,,
borivali,,Phulabani Town,Mattam Palle,,,,,,,,Ramgarh Chowk,Obra,,,,,,,,,,
Nerul,,Khajuripada,Mella Cheruvu,,,,,,,,Halsi,Barun,,,,,,,,,,
beed,,Tikabali,Warangal,,,,,,,,Sheikhpura,Nabinagar,,,,,,,,,,
navi mumbai,,Chakapada,Cherial,,,,,,,,Barbigha,Kutumba,,,,,,,,,,
ahmednagar,,Sarangagarh,Bachannapet,,,,,,,,Shekhopur Sarai,Deo,,,,,,,,,,
,,Phiringia,Narmetta,,,,,,,,Ghat Kusumbha,Madanpur,,,,,,,,,,
,,Baliguda,Dharmasagar,,,,,,,,Chewara,Gaya,,,,,,,,,,
,,Tumudibandha,Hasanparthy,,,,,,,,Ariari,Konch,,,,,,,,,,
,,Belaghar,Parkal,,,,,,,,Nalanda,Tikari,,,,,,,,,,
,,Kotagarh,Mogullapalle,,,,,,,,Karai Parsurai,Belaganj,,,,,,,,,,
,,Brahmanigaon,Chityal,,,,,,,,Nagar Nausa,Khizirsarai,,,,,,,,,,
,,Daringbadi,Bhupalpalle,,,,,,,,Harnaut,Neem Chak Bathani,,,,,,,,,,
,,Raikia,Venkatapur,,,,,,,,Chandi,Muhra,,,,,,,,,,
,,Baudh,Eturnagaram,,,,,,,,Rahui,Atri,,,,,,,,,,
,,Kantamal,Mangapet,,,,,,,,Bind,Manpur,,,,,,,,,,
,,Manamunda,Tadvai,,,,,,,,Sarmera,,,,,,,,,,,
,,Baunsuni,Govindaraopet,,,,,,,,Asthawan,Paraiya,,,,,,,,,,
,,Baudh Sadar,Regonda,,,,,,,,Bihar,Guraru,,,,,,,,,,
,,Puruna Katak,Shayampet,,,,,,,,Noorsarai,Gurua,,,,,,,,,,
,,Harbhanga,Nallabelly,,,,,,,,Tharthari,Amas,,,,,,,,,,
,,Subarnapur,Duggondi,,,,,,,,Parbalpur,Banke Bazar,,,,,,,,,,
,,Dunguripali,Hanamkonda,,,,,,,,Hilsa,Imamganj,,,,,,,,,,
,,Rampur,Zaffergadh,,,,,,,,Ekangarsarai,Dumaria,,,,,,,,,,
,,Binika,Palakurthi,,,,,,,,Islampur,Sherghati,,,,,,,,,,
,,Ulunda,Raghunathpalle,,,,,,,,Ben,Dobhi,,,,,,,,,,
,,Biramaharajpur,Jangaon,,,,,,,,Rajgir,Bodh Gaya,,,,,,,,,,
,,Subalaya,Lingalaghanpur,,,,,,,,Silao,Tan Kuppa,,,,,,,,,,
,,Sonapur,Devaruppula,,,,,,,,Giriak,Wazirganj,,,,,,,,,,
,,Tarbha,Kodakandla,,,,,,,,Katrisarai,Fatehpur,,,,,,,,,,
,,Balangir,Raiparthy,,,,,,,,Patna,Barachatti,,,,,,,,,,
,,Loisinga,Wardhannapet,,,,,,,,Maner,Nawada,,,,,,,,,,
,,Tushura,Sangam,,,,,,,,Dinapur-Cum-Khagaul,Nardiganj,,,,,,,,,,
,,Patnagarh,Geesugonda,,,,,,,,Patna Rural,Warisaliganj,,,,,,,,,,
,,Khaprakhol,Narsampet,,,,,,,,Sampatchak,Kashi Chak,,,,,,,,,,
,,Turekela,Kothagudem,,,,,,,,Phulwari,Pakribarawan,,,,,,,,,,
,,Belpara,Gudur,,,,,,,,Bihta,Kawakol,,,,,,,,,,
,,Saintala,Chennaraopet,,,,,,,,Naubatpur,Roh,,,,,,,,,,
,,Kantabanji,Nekkonda,,,,,,,,Bikram,Gobindpur,,,,,,,,,,
,,Bangomunda,Parvathagiri,,,,,,,,Dulhin Bazar,Akbarpur,,,,,,,,,,
,,Sindhekela,Thorrur,,,,,,,,Paliganj,Hisua,,,,,,,,,,
,,Titlagarh,Nellikudur,,,,,,,,Masaurhi,Narhat,,,,,,,,,,
,,Nuapada,Kesamudram,,,,,,,,Dhanarua,Meskaur,,,,,,,,,,
,,Jonk,Mahabubabad,,,,,,,,Punpun,Sirdala,,,,,,,,,,
,,Komna,Narsimhulapet,,,,,,,,Fatwah,Rajauli,,,,,,,,,,
,,Khariar,Maripeda,,,,,,,,Daniawan,Jamui,,,,,,,,,,
,,Boden,Kuravi,,,,,,,,Khusrupur,Islamnagar Aliganj,,,,,,,,,,
,,Sinapali,Dornakal,,,,,,,,Bakhtiarpur,Sikandra,,,,,,,,,,
,,Kalahandi,Khammam,,,,,,,,Athmalgola,Barhat,,,,,,,,,,
,,Kesinga,Wazeed,,,,,,,,Belchhi,Lakshmipur,,,,,,,,,,
,,Madanpur Rampur,Venkatapuram,,,,,,,,Barh,Jhajha,,,,,,,,,,
,,Narala,Pinapaka,,,,,,,,Pandarak,Gidhaur,,,,,,,,,,
,,Lanjigarh,Cherla,,,,,,,,Ghoswari,Khaira,,,,,,,,,,
,,Biswanathpur,Manuguru,,,,,,,,Mokameh,Sono,,,,,,,,,,
,,Kegaon,Aswapuram,,,,,,,,Bhojpur,Chakai,,,,,,,,,,
,,Junagarh,Dummugudem,,,,,,,,Shahpur,Jehanabad,,,,,,,,,,
,,Golamunda,Bhadrachalam,,,,,,,,Arrah,Ratni Faridpur,,,,,,,,,,
,,Dharamgarh,Kunavaram,,,,,,,,Koilwar,Kako,,,,,,,,,,
,,Kokasara,Chintur,,,,,,,,Sandesh,Modanganj,,,,,,,,,,
,,Jayapatna,Vararamachandrapuram,,,,,,,,Udwant Nagar,Ghoshi,,,,,,,,,,
,,Thuamul Rampur,Velairpadu,,,,,,,,Behea,Makhdumpur,,,,,,,,,,
,,Ambadala,Kukunoor,,,,,,,,Piro,Hulasganj,,,,,,,,,,
,,Muniguda,Burgampahad,,,,,,,,Charpokhari,Arwal,,,,,,,,,,
,,Chandrapur,Palwancha,,,,,,,,Garhani,Kaler,,,,,,,,,,
,,Bishamakatak,Tekulapalle,,,,,,,,Agiaon,Karpi,,,,,,,,,,
,,Kalyanasingpur,Yellandu,,,,,,,,Tarari,Sonbhadra Banshi Suryapur,,,,,,,,,,
,,Kashipur,Bayyaram,,,,,,,,Sahar,Kurtha,,,,,,,,,,
,,Andirakanch,Garla,,,,,,,,Buxar,gurugram,,,,,,,,,,
,,Tikiri,Singareni,,,,,,,,Simri,,,,,,,,,,,
,,Doraguda,Kamepalle,,,,,,,,Chakki,,,,,,,,,,,
,,Seskhal,Julurpad,,,,,,,,Barhampur,,,,,,,,,,,
,,Gunupur,Chandrugonda,,,,,,,,Chaugain,,,,,,,,,,,
,,Gudari,Mulkalapalle,,,,,,,,Kesath,,,,,,,,,,,
,,Puttasing,Aswaraopeta,,,,,,,,Dumraon,,,,,,,,,,,
,,Nabarangapur,Dammapeta,,,,,,,,Rajpur,,,,,,,,,,,
,,Raighar,Sathupalle,,,,,,,,Itarhi,,,,,,,,,,,
,,Kundei,Penuballi,,,,,,,,Nawanagar,,,,,,,,,,,
,,Umarkote,Enkuru,,,,,,,,Kaimur,,,,,,,,,,,
,,Chandahandi,Thirumalayapalem,,,,,,,,Ramgarh,,,,,,,,,,,
,,Jharigan,Kusumanchi,,,,,,,,Nuaon,,,,,,,,,,,
,,Dabugan,Mudigonda,,,,,,,,Kudra,,,,,,,,,,,
,,Paparahandi,Nelakondapalle,,,,,,,,Mohania,,,,,,,,,,,
,,Kodinga,Chinthakani,,,,,,,,Durgawati,,,,,,,,,,,
,,Kosagumuda,Konijerla,,,,,,,,Chand,,,,,,,,,,,
,,Tentulikhunti,Tallada,,,,,,,,Chainpur,,,,,,,,,,,
,,Khatiguda,Kallur,,,,,,,,Bhabua,,,,,,,,,,,
,,Koraput,Wyra,,,,,,,,Rampur,,,,,,,,,,,
,,Kotpad,Bonakal,,,,,,,,Adhaura,,,,,,,,,,,
,,Boriguma,Madhira,,,,,,,,Rohtas,,,,,,,,,,,
,,Bhairabsingipur,Yerrupalem,,,,,,,,Kochas,,,,,,,,,,,
,,Dasamantapur,Vemsoor,,,,,,,,Dinara,,,,,,,,,,,
,,Lakshmipur,Srikakulam,,,,,,,,Dawath,,,,,,,,,,,
,,Narayanpatana,Veeraghattam,,,,,,,,Suryapura,,,,,,,,,,,
,,Bandhugaon,Seethampeta,,,,,,,,Bikramganj,,,,,,,,,,,
,,Kakiriguma,Bhamini,,,,,,,,Karakat,,,,,,,,,,,
,,Koraput Town,Kothuru,,,,,,,,Nasriganj,,,,,,,,,,,
,,Jeypore,Pathapatnam,,,,,,,,Sanjhauli,,,,,,,,,,,
,,Kundura,Meliaputti,,,,,,,,Nokha,,,,,,,,,,,
,,Boipariguda,Palasa,,,,,,,,Kargahar,,,,,,,,,,,
,,Machh kund,Mandasa,,,,,,,,Chenari,,,,,,,,,,,
,,Padua,Kanchili,,,,,,,,Sheosagar,,,,,,,,,,,
,,Nandapur,Ichchapuram,,,,,,,,Sasaram,,,,,,,,,,,
,,Similiguda,Kaviti,,,,,,,,Akorhi Gola,,,,,,,,,,,
,,Sunabeda,Sompeta,,,,,,,,Dehri,,,,,,,,,,,
,,Damonjodi,Vajrapukothuru,,,,,,,,Tilouthu,,,,,,,,,,,
,,Pottangi,Nandigam,,,,,,,,Aurangabad,,,,,,,,,,,
,,Kotiya,Hiramandalam,,,,,,,,Daudnagar,,,,,,,,,,,
,,Malkangiri,Palakonda,,,,,,,,Haspura,,,,,,,,,,,
,,Mathili,Vangara,,,,,,,,Goh,,,,,,,,,,,
,,Mudulipada,Regidi Amadalavalasa,,,,,,,,Rafiganj,,,,,,,,,,,
,,Chitrakonda,Lakshminarsupeta,,,,,,,,Obra,,,,,,,,,,,
,,Paparmetla,Saravakota,,,,,,,,Barun,,,,,,,,,,,
,,Jodamba,Tekkali,,,,,,,,Nabinagar,,,,,,,,,,,
,,Orkel,Santhabommali,,,,,,,,Kutumba,,,,,,,,,,,
,,Kalimela,Kotabommali,,,,,,,,Deo,,,,,,,,,,,
,,Podia,Jalumuru,,,,,,,,Madanpur,,,,,,,,,,,
,,Motu,Sarubujjili,,,,,,,,Gaya,,,,,,,,,,,
,,,Burja,,,,,,,,Konch,,,,,,,,,,,
,,,Santhakaviti,,,,,,,,Tikari,,,,,,,,,,,
,,,Rajam,,,,,,,,Belaganj,,,,,,,,,,,
,,,Ganguvarisigadam,,,,,,,,Khizirsarai,,,,,,,,,,,
,,,Amadalavalasa,,,,,,,,Neem Chak Bathani,,,,,,,,,,,
,,,Narasannapeta,,,,,,,,Muhra,,,,,,,,,,,
,,,Polaki,,,,,,,,Atri,,,,,,,,,,,
,,,Gara,,,,,,,,Manpur,,,,,,,,,,,
,,,Ponduru,,,,,,,,,,,,,,,,,,,
,,,Laveru,,,,,,,,Paraiya,,,,,,,,,,,
,,,Ranastalam,,,,,,,,Guraru,,,,,,,,,,,
,,,Etcherla,,,,,,,,Gurua,,,,,,,,,,,
,,,Vizianagaram,,,,,,,,Amas,,,,,,,,,,,
,,,Komarada,,,,,,,,Banke Bazar,,,,,,,,,,,
,,,Gummalakshmipuram,,,,,,,,Imamganj,,,,,,,,,,,
,,,Kurupam,,,,,,,,Dumaria,,,,,,,,,,,
,,,Jiyyammavalasa,,,,,,,,Sherghati,,,,,,,,,,,
,,,Garugubilli,,,,,,,,Dobhi,,,,,,,,,,,
,,,Parvathipuram,,,,,,,,Bodh Gaya,,,,,,,,,,,
,,,Makkuva,,,,,,,,Tan Kuppa,,,,,,,,,,,
,,,Seethanagaram,,,,,,,,Wazirganj,,,,,,,,,,,
,,,Balijipeta,,,,,,,,Fatehpur,,,,,,,,,,,
,,,Bobbili,,,,,,,,Barachatti,,,,,,,,,,,
,,,Salur,,,,,,,,Nawada,,,,,,,,,,,
,,,Pachipenta,,,,,,,,Nardiganj,,,,,,,,,,,
,,,Ramabhadrapuram,,,,,,,,Warisaliganj,,,,,,,,,,,
,,,Badangi,,,,,,,,Kashi Chak,,,,,,,,,,,
,,,Therlam,,,,,,,,Pakribarawan,,,,,,,,,,,
,,,Merakamudidam,,,,,,,,Kawakol,,,,,,,,,,,
,,,Dattirajeru,,,,,,,,Roh,,,,,,,,,,,
,,,Mentada,,,,,,,,Gobindpur,,,,,,,,,,,
,,,Gajapathinagaram,,,,,,,,Akbarpur,,,,,,,,,,,
,,,Garividi,,,,,,,,Hisua,,,,,,,,,,,
,,,Cheepurupalle,,,,,,,,Narhat,,,,,,,,,,,
,,,Gurla,,,,,,,,Meskaur,,,,,,,,,,,
,,,Bondapalle,,,,,,,,Sirdala,,,,,,,,,,,
,,,Gantyada,,,,,,,,Rajauli,,,,,,,,,,,
,,,Srungavarapukota,,,,,,,,Jamui,,,,,,,,,,,
,,,Vepada,,,,,,,,Islamnagar Aliganj,,,,,,,,,,,
,,,Lakkavarapukota,,,,,,,,Sikandra,,,,,,,,,,,
,,,Kothavalasa,,,,,,,,Barhat,,,,,,,,,,,
,,,Jami,,,,,,,,Lakshmipur,,,,,,,,,,,
,,,Nellimarla,,,,,,,,Jhajha,,,,,,,,,,,
,,,Pusapatirega,,,,,,,,Gidhaur,,,,,,,,,,,
,,,Denkada,,,,,,,,Khaira,,,,,,,,,,,
,,,Bhogapuram,,,,,,,,Sono,,,,,,,,,,,
,,,Visakhapatnam,,,,,,,,Chakai,,,,,,,,,,,
,,,Munchingi Puttu,,,,,,,,Jehanabad,,,,,,,,,,,
,,,Peda Bayalu,,,,,,,,Ratni Faridpur,,,,,,,,,,,
,,,Dumbriguda,,,,,,,,Kako,,,,,,,,,,,
,,,Araku Valley,,,,,,,,Modanganj,,,,,,,,,,,
,,,Ananthagiri,,,,,,,,Ghoshi,,,,,,,,,,,
,,,Hukumpeta,,,,,,,,Makhdumpur,,,,,,,,,,,
,,,Paderu,,,,,,,,Hulasganj,,,,,,,,,,,
,,,G.Madugula,,,,,,,,Arwal,,,,,,,,,,,
,,,Chintapalle,,,,,,,,Kaler,,,,,,,,,,,
,,,Gudem Kotha Veedhi,,,,,,,,Karpi,,,,,,,,,,,
,,,Koyyuru,,,,,,,,Sonbhadra Banshi Suryapur,,,,,,,,,,,
,,,Nathavaram,,,,,,,,Kurtha,,,,,,,,,,,
,,,Golugonda,,,,,,,,,,,,,,,,,,,
,,,Narsipatnam,,,,,,,,,,,,,,,,,,,
,,,Rolugunta,,,,,,,,,,,,,,,,,,,
,,,Ravikamatham,,,,,,,,,,,,,,,,,,,
,,,Madugula,,,,,,,,,,,,,,,,,,,
,,,Cheedikada,,,,,,,,,,,,,,,,,,,
,,,Devarapalle,,,,,,,,,,,,,,,,,,,
,,,K.Kotapadu,,,,,,,,,,,,,,,,,,,
,,,Sabbavaram,,,,,,,,,,,,,,,,,,,
,,,Pendurthi,,,,,,,,,,,,,,,,,,,
,,,Anandapuram,,,,,,,,,,,,,,,,,,,
,,,Padmanabham,,,,,,,,,,,,,,,,,,,
,,,Bheemunipatnam,,,,,,,,,,,,,,,,,,,
,,,Pedagantyada,,,,,,,,,,,,,,,,,,,
,,,Gajuwaka,,,,,,,,,,,,,,,,,,,
,,,Paravada,,,,,,,,,,,,,,,,,,,
,,,Anakapalle,,,,,,,,,,,,,,,,,,,
,,,Chodavaram,,,,,,,,,,,,,,,,,,,
,,,Butchayyapeta,,,,,,,,,,,,,,,,,,,
,,,Kotauratla,,,,,,,,,,,,,,,,,,,
,,,Makavarapalem,,,,,,,,,,,,,,,,,,,
,,,Kasimkota,,,,,,,,,,,,,,,,,,,
,,,Munagapaka,,,,,,,,,,,,,,,,,,,
,,,Atchutapuram,,,,,,,,,,,,,,,,,,,
,,,Yelamanchili,,,,,,,,,,,,,,,,,,,
,,,Nakkapalle,,,,,,,,,,,,,,,,,,,
,,,Payakaraopeta,,,,,,,,,,,,,,,,,,,
,,,S.Rayavaram,,,,,,,,,,,,,,,,,,,
,,,Rambilli,,,,,,,,,,,,,,,,,,,
,,,East Godavari,,,,,,,,,,,,,,,,,,,
,,,Maredumilli,,,,,,,,,,,,,,,,,,,
,,,Devipatnam,,,,,,,,,,,,,,,,,,,
,,,Y. Ramavaram,,,,,,,,,,,,,,,,,,,
,,,Addateegala,,,,,,,,,,,,,,,,,,,
,,,Rajavommangi,,,,,,,,,,,,,,,,,,,
,,,Kotananduru,,,,,,,,,,,,,,,,,,,
,,,Tuni,,,,,,,,,,,,,,,,,,,
,,,Rowthulapudi,,,,,,,,,,,,,,,,,,,
,,,Sankhavaram,,,,,,,,,,,,,,,,,,,
,,,Yeleswaram,,,,,,,,,,,,,,,,,,,
,,,Gangavaram,,,,,,,,,,,,,,,,,,,
,,,Rampachodavaram,,,,,,,,,,,,,,,,,,,
,,,Gokavaram,,,,,,,,,,,,,,,,,,,
,,,Jaggampeta,,,,,,,,,,,,,,,,,,,
,,,Kirlampudi,,,,,,,,,,,,,,,,,,,
,,,Prathipadu,,,,,,,,,,,,,,,,,,,
,,,Thondangi,,,,,,,,,,,,,,,,,,,
,,,Gollaprolu,,,,,,,,,,,,,,,,,,,
,,,Peddapuram,,,,,,,,,,,,,,,,,,,
,,,Gandepalle,,,,,,,,,,,,,,,,,,,
,,,Korukonda,,,,,,,,,,,,,,,,,,,
,,,Rajahmundry,,,,,,,,,,,,,,,,,,,
,,,Rajahmundry Rural,,,,,,,,,,,,,,,,,,,
,,,Rajanagaram,,,,,,,,,,,,,,,,,,,
,,,Rangampeta,,,,,,,,,,,,,,,,,,,
,,,Samalkota,,,,,,,,,,,,,,,,,,,
,,,Pithapuram,,,,,,,,,,,,,,,,,,,
,,,Kothapalle,,,,,,,,,,,,,,,,,,,
,,,Kakinada,,,,,,,,,,,,,,,,,,,
,,,Pedapudi,,,,,,,,,,,,,,,,,,,
,,,Biccavolu,,,,,,,,,,,,,,,,,,,
,,,Anaparthy,,,,,,,,,,,,,,,,,,,
,,,Kadiam,,,,,,,,,,,,,,,,,,,
,,,Atreyapuram,,,,,,,,,,,,,,,,,,,
,,,Mandapeta,,,,,,,,,,,,,,,,,,,
,,,Rayavaram,,,,,,,,,,,,,,,,,,,
,,,Karapa,,,,,,,,,,,,,,,,,,,
,,,Kajuluru,,,,,,,,,,,,,,,,,,,
,,,Alamuru,,,,,,,,,,,,,,,,,,,
,,,Ravulapalem,,,,,,,,,,,,,,,,,,,
,,,Kothapeta,,,,,,,,,,,,,,,,,,,
,,,Kapileswarapuram,,,,,,,,,,,,,,,,,,,
,,,Pamarru,,,,,,,,,,,,,,,,,,,
,,,Thallarevu,,,,,,,,,,,,,,,,,,,
,,,I. Polavaram,,,,,,,,,,,,,,,,,,,
,,,Mummidivaram,,,,,,,,,,,,,,,,,,,
,,,Ainavilli,,,,,,,,,,,,,,,,,,,
,,,P.Gannavaram,,,,,,,,,,,,,,,,,,,
,,,Ambajipeta,,,,,,,,,,,,,,,,,,,
,,,Mamidikuduru,,,,,,,,,,,,,,,,,,,
,,,Razole,,,,,,,,,,,,,,,,,,,
,,,Malikipuram,,,,,,,,,,,,,,,,,,,
,,,Sakhinetipalle,,,,,,,,,,,,,,,,,,,
,,,Allavaram,,,,,,,,,,,,,,,,,,,
,,,Amalapuram,,,,,,,,,,,,,,,,,,,
,,,Uppalaguptam,,,,,,,,,,,,,,,,,,,
,,,Katrenikona,,,,,,,,,,,,,,,,,,,
,,,West Godavari,,,,,,,,,,,,,,,,,,,
,,,Chintalapudi,,,,,,,,,,,,,,,,,,,
,,,Lingapalem,,,,,,,,,,,,,,,,,,,
,,,T.Narasapuram,,,,,,,,,,,,,,,,,,,
,,,Jeelugu Milli,,,,,,,,,,,,,,,,,,,
,,,Buttayagudem,,,,,,,,,,,,,,,,,,,
,,,Polavaram,,,,,,,,,,,,,,,,,,,
,,,Tallapudi,,,,,,,,,,,,,,,,,,,
,,,Gopalapuram,,,,,,,,,,,,,,,,,,,
,,,Koyyalagudem,,,,,,,,,,,,,,,,,,,
,,,Jangareddigudem,,,,,,,,,,,,,,,,,,,
,,,Kamavarapukota,,,,,,,,,,,,,,,,,,,
,,,Dwarakatirumala,,,,,,,,,,,,,,,,,,,
,,,Nallajerla,,,,,,,,,,,,,,,,,,,
,,,Kovvur,,,,,,,,,,,,,,,,,,,
,,,Chagallu,,,,,,,,,,,,,,,,,,,
,,,Nidadavole,,,,,,,,,,,,,,,,,,,
,,,Tadepalligudem,,,,,,,,,,,,,,,,,,,
,,,Unguturu,,,,,,,,,,,,,,,,,,,
,,,Bhimadole,,,,,,,,,,,,,,,,,,,
,,,Pedavegi,,,,,,,,,,,,,,,,,,,
,,,Pedapadu,,,,,,,,,,,,,,,,,,,
,,,Eluru,,,,,,,,,,,,,,,,,,,
,,,Denduluru,,,,,,,,,,,,,,,,,,,
,,,Nidamarru,,,,,,,,,,,,,,,,,,,
,,,Pentapadu,,,,,,,,,,,,,,,,,,,
,,,Undrajavaram,,,,,,,,,,,,,,,,,,,
,,,Peravali,,,,,,,,,,,,,,,,,,,
,,,Tanuku,,,,,,,,,,,,,,,,,,,
,,,Attili,,,,,,,,,,,,,,,,,,,
,,,Ganapavaram,,,,,,,,,,,,,,,,,,,
,,,Akividu,,,,,,,,,,,,,,,,,,,
,,,Undi,,,,,,,,,,,,,,,,,,,
,,,Palacoderu,,,,,,,,,,,,,,,,,,,
,,,Penumantra,,,,,,,,,,,,,,,,,,,
,,,Iragavaram,,,,,,,,,,,,,,,,,,,
,,,Penugonda,,,,,,,,,,,,,,,,,,,
,,,Achanta,,,,,,,,,,,,,,,,,,,
,,,Poduru,,,,,,,,,,,,,,,,,,,
,,,Veeravasaram,,,,,,,,,,,,,,,,,,,
,,,Bhimavaram,,,,,,,,,,,,,,,,,,,
,,,Kalla,,,,,,,,,,,,,,,,,,,
,,,Mogalthur,,,,,,,,,,,,,,,,,,,
,,,Narasapuram,,,,,,,,,,,,,,,,,,,
,,,Palacole,,,,,,,,,,,,,,,,,,,
,,,Krishna,,,,,,,,,,,,,,,,,,,
,,,Vatsavai,,,,,,,,,,,,,,,,,,,
,,,Jaggayyapeta,,,,,,,,,,,,,,,,,,,
,,,Penuganchiprolu,,,,,,,,,,,,,,,,,,,
,,,Nandigama,,,,,,,,,,,,,,,,,,,
,,,Veerullapadu,,,,,,,,,,,,,,,,,,,
,,,Mylavaram,,,,,,,,,,,,,,,,,,,
,,,Gampalagudem,,,,,,,,,,,,,,,,,,,
,,,Tiruvuru,,,,,,,,,,,,,,,,,,,
,,,A.Konduru,,,,,,,,,,,,,,,,,,,
,,,Reddigudem,,,,,,,,,,,,,,,,,,,
,,,Vissannapet,,,,,,,,,,,,,,,,,,,
,,,Chatrai,,,,,,,,,,,,,,,,,,,
,,,Musunuru,,,,,,,,,,,,,,,,,,,
,,,Nuzvid,,,,,,,,,,,,,,,,,,,
,,,Bapulapadu,,,,,,,,,,,,,,,,,,,
,,,Agiripalle,,,,,,,,,,,,,,,,,,,
,,,G.Konduru,,,,,,,,,,,,,,,,,,,
,,,Kanchikacherla,,,,,,,,,,,,,,,,,,,
,,,Chandarlapadu,,,,,,,,,,,,,,,,,,,
,,,Vijayawada,,,,,,,,,,,,,,,,,,,
,,,Gannavaram,,,,,,,,,,,,,,,,,,,
,,,Nandivada,,,,,,,,,,,,,,,,,,,
,,,Mandavalli,,,,,,,,,,,,,,,,,,,
,,,Kaikalur,,,,,,,,,,,,,,,,,,,
,,,Kalidindi,,,,,,,,,,,,,,,,,,,
,,,Kruthivennu,,,,,,,,,,,,,,,,,,,
,,,Bantumilli,,,,,,,,,,,,,,,,,,,
,,,Mudinepalle,,,,,,,,,,,,,,,,,,,
,,,Gudivada,,,,,,,,,,,,,,,,,,,
,,,Pedaparupudi,,,,,,,,,,,,,,,,,,,
,,,Kankipadu,,,,,,,,,,,,,,,,,,,
,,,Penamaluru,,,,,,,,,,,,,,,,,,,
,,,Thotlavalluru,,,,,,,,,,,,,,,,,,,
,,,Pamidimukkala,,,,,,,,,,,,,,,,,,,
,,,Vuyyuru,,,,,,,,,,,,,,,,,,,
,,,Gudlavalleru,,,,,,,,,,,,,,,,,,,
,,,Pedana,,,,,,,,,,,,,,,,,,,
,,,Guduru,,,,,,,,,,,,,,,,,,,
,,,Movva,,,,,,,,,,,,,,,,,,,
,,,Ghantasala,,,,,,,,,,,,,,,,,,,
,,,Machilipatnam,,,,,,,,,,,,,,,,,,,
,,,Challapalle,,,,,,,,,,,,,,,,,,,
,,,Mopidevi,,,,,,,,,,,,,,,,,,,
,,,Avanigadda,,,,,,,,,,,,,,,,,,,
,,,Nagayalanka,,,,,,,,,,,,,,,,,,,
,,,Koduru,,,,,,,,,,,,,,,,,,,
,,,Guntur,,,,,,,,,,,,,,,,,,,
,,,Macherla,,,,,,,,,,,,,,,,,,,
,,,Veldurthi,,,,,,,,,,,,,,,,,,,
,,,Durgi,,,,,,,,,,,,,,,,,,,
,,,Rentachintala,,,,,,,,,,,,,,,,,,,
,,,Gurazala,,,,,,,,,,,,,,,,,,,
,,,Dachepalle,,,,,,,,,,,,,,,,,,,
,,,Karempudi,,,,,,,,,,,,,,,,,,,
,,,Piduguralla,,,,,,,,,,,,,,,,,,,
,,,Machavaram,,,,,,,,,,,,,,,,,,,
,,,Bellamkonda,,,,,,,,,,,,,,,,,,,
,,,Atchampet,,,,,,,,,,,,,,,,,,,
,,,Krosuru,,,,,,,,,,,,,,,,,,,
,,,Amaravathi,,,,,,,,,,,,,,,,,,,
,,,Thullur,,,,,,,,,,,,,,,,,,,
,,,Tadepalle,,,,,,,,,,,,,,,,,,,
,,,Mangalagiri,,,,,,,,,,,,,,,,,,,
,,,Tadikonda,,,,,,,,,,,,,,,,,,,
,,,Pedakurapadu,,,,,,,,,,,,,,,,,,,
,,,Sattenapalle,,,,,,,,,,,,,,,,,,,
,,,Rajupalem,,,,,,,,,,,,,,,,,,,
,,,Nekarikallu,,,,,,,,,,,,,,,,,,,
,,,Bollapalle,,,,,,,,,,,,,,,,,,,
,,,Vinukonda,,,,,,,,,,,,,,,,,,,
,,,Nuzendla,,,,,,,,,,,,,,,,,,,
,,,Savalyapuram H/O Kanamarlapudi,,,,,,,,,,,,,,,,,,,
,,,Ipur,,,,,,,,,,,,,,,,,,,
,,,Rompicherla,,,,,,,,,,,,,,,,,,,
,,,Narasaraopet,,,,,,,,,,,,,,,,,,,
,,,Muppalla,,,,,,,,,,,,,,,,,,,
,,,Nadendla,,,,,,,,,,,,,,,,,,,
,,,,,,,,,,,,,,,,,,,,,,
,,,Edlapadu,,,,,,,,,,,,,,,,,,,
,,,Phirangipuram,,,,,,,,,,,,,,,,,,,
,,,Medikonduru,,,,,,,,,,,,,,,,,,,
,,,Pedakakani,,,,,,,,,,,,,,,,,,,
,,,Duggirala,,,,,,,,,,,,,,,,,,,
,,,Kollipara,,,,,,,,,,,,,,,,,,,
,,,Tenali,,,,,,,,,,,,,,,,,,,
,,,Chebrolu,,,,,,,,,,,,,,,,,,,
,,,Vatticherukuru,,,,,,,,,,,,,,,,,,,
,,,Pedanandipadu,,,,,,,,,,,,,,,,,,,
,,,Kakumanu,,,,,,,,,,,,,,,,,,,
,,,Ponnur,,,,,,,,,,,,,,,,,,,
,,,Tsundur,,,,,,,,,,,,,,,,,,,
,,,Amruthalur,,,,,,,,,,,,,,,,,,,
,,,Vemuru,,,,,,,,,,,,,,,,,,,
,,,Kollur,,,,,,,,,,,,,,,,,,,
,,,Bhattiprolu,,,,,,,,,,,,,,,,,,,
,,,Cherukupalle H/O Arumbaka,,,,,,,,,,,,,,,,,,,
,,,Pittalavanipalem,,,,,,,,,,,,,,,,,,,
,,,Karlapalem,,,,,,,,,,,,,,,,,,,
,,,Bapatla,,,,,,,,,,,,,,,,,,,
,,,Nizampatnam,,,,,,,,,,,,,,,,,,,
,,,Nagaram,,,,,,,,,,,,,,,,,,,
,,,Repalle,,,,,,,,,,,,,,,,,,,
,,,Prakasam,,,,,,,,,,,,,,,,,,,
,,,Yerragondapalem,,,,,,,,,,,,,,,,,,,
,,,Pullalacheruvu,,,,,,,,,,,,,,,,,,,
,,,Tripuranthakam,,,,,,,,,,,,,,,,,,,
,,,Dornala,,,,,,,,,,,,,,,,,,,
,,,Peda Araveedu,,,,,,,,,,,,,,,,,,,
,,,Donakonda,,,,,,,,,,,,,,,,,,,
,,,Kurichedu,,,,,,,,,,,,,,,,,,,
,,,Santhamaguluru,,,,,,,,,,,,,,,,,,,
,,,Ballikurava,,,,,,,,,,,,,,,,,,,
,,,Martur,,,,,,,,,,,,,,,,,,,
,,,Yeddana Pudi,,,,,,,,,,,,,,,,,,,
,,,Parchur,,,,,,,,,,,,,,,,,,,
,,,Karamchedu,,,,,,,,,,,,,,,,,,,
,,,Inkollu,,,,,,,,,,,,,,,,,,,
,,,Janakavarampanguluru,,,,,,,,,,,,,,,,,,,
,,,Addanki,,,,,,,,,,,,,,,,,,,
,,,Mundlamuru,,,,,,,,,,,,,,,,,,,
,,,Darsi,,,,,,,,,,,,,,,,,,,
,,,Markapur,,,,,,,,,,,,,,,,,,,
,,,Ardhaveedu,,,,,,,,,,,,,,,,,,,
,,,Cumbum,,,,,,,,,,,,,,,,,,,
,,,Tarlupadu,,,,,,,,,,,,,,,,,,,
,,,Konakanamitla,,,,,,,,,,,,,,,,,,,
,,,Podili,,,,,,,,,,,,,,,,,,,
,,,Thallur,,,,,,,,,,,,,,,,,,,
,,,Korisapadu,,,,,,,,,,,,,,,,,,,
,,,Chirala,,,,,,,,,,,,,,,,,,,
,,,Vetapalem,,,,,,,,,,,,,,,,,,,
,,,Chinaganjam,,,,,,,,,,,,,,,,,,,
,,,Naguluppala Padu,,,,,,,,,,,,,,,,,,,
,,,Maddipadu,,,,,,,,,,,,,,,,,,,
,,,Chimakurthi,,,,,,,,,,,,,,,,,,,
,,,Marripudi,,,,,,,,,,,,,,,,,,,
,,,Hanumanthuni Padu,,,,,,,,,,,,,,,,,,,
,,,Bestawaripeta,,,,,,,,,,,,,,,,,,,
,,,Racherla,,,,,,,,,,,,,,,,,,,
,,,Giddalur,,,,,,,,,,,,,,,,,,,
,,,Komarolu,,,,,,,,,,,,,,,,,,,
,,,Veligandla,,,,,,,,,,,,,,,,,,,
,,,Kanigiri,,,,,,,,,,,,,,,,,,,
,,,Kondapi,,,,,,,,,,,,,,,,,,,
,,,Santhanuthala Padu,,,,,,,,,,,,,,,,,,,
,,,Ongole,,,,,,,,,,,,,,,,,,,
,,,Kotha Patnam,,,,,,,,,,,,,,,,,,,
,,,Tangutur,,,,,,,,,,,,,,,,,,,
,,,Zarugumilli,,,,,,,,,,,,,,,,,,,
,,,Ponnaluru,,,,,,,,,,,,,,,,,,,
,,,Pedacherlo Palle,,,,,,,,,,,,,,,,,,,
,,,Chandra Sekhara Puram,,,,,,,,,,,,,,,,,,,
,,,Pamur,,,,,,,,,,,,,,,,,,,
,,,Voletivaripalem,,,,,,,,,,,,,,,,,,,
,,,Singarayakonda,,,,,,,,,,,,,,,,,,,
,,,Lingasamudram,,,,,,,,,,,,,,,,,,,
,,,Gudluru,,,,,,,,,,,,,,,,,,,
,,,Ulavapadu,,,,,,,,,,,,,,,,,,,
,,,Sri Potti Sriramulu Nellore,,,,,,,,,,,,,,,,,,,
,,,Seetharamapuram,,,,,,,,,,,,,,,,,,,
,,,Udayagiri,,,,,,,,,,,,,,,,,,,
,,,Varikuntapadu,,,,,,,,,,,,,,,,,,,
,,,Kondapuram,,,,,,,,,,,,,,,,,,,
,,,Jaladanki,,,,,,,,,,,,,,,,,,,
,,,Kavali,,,,,,,,,,,,,,,,,,,
,,,Bogole,,,,,,,,,,,,,,,,,,,
,,,Kaligiri,,,,,,,,,,,,,,,,,,,
,,,Vinjamur,,,,,,,,,,,,,,,,,,,
,,,Duttalur,,,,,,,,,,,,,,,,,,,
,,,Marripadu,,,,,,,,,,,,,,,,,,,
,,,Anumasamudrampeta,,,,,,,,,,,,,,,,,,,
,,,Dagadarthi,,,,,,,,,,,,,,,,,,,
,,,Allur,,,,,,,,,,,,,,,,,,,
,,,Vidavalur,,,,,,,,,,,,,,,,,,,
,,,Kodavalur,,,,,,,,,,,,,,,,,,,
,,,Buchireddipalem,,,,,,,,,,,,,,,,,,,
,,,Chejerla,,,,,,,,,,,,,,,,,,,
,,,Ananthasagaram,,,,,,,,,,,,,,,,,,,
,,,Kaluvoya,,,,,,,,,,,,,,,,,,,
,,,Rapur,,,,,,,,,,,,,,,,,,,
,,,Podalakur,,,,,,,,,,,,,,,,,,,
,,,Nellore,,,,,,,,,,,,,,,,,,,
,,,Kovur,,,,,,,,,,,,,,,,,,,
,,,Indukurpet,,,,,,,,,,,,,,,,,,,
,,,Thotapalligudur,,,,,,,,,,,,,,,,,,,
,,,Muthukur,,,,,,,,,,,,,,,,,,,
,,,Venkatachalam,,,,,,,,,,,,,,,,,,,
,,,Manubolu,,,,,,,,,,,,,,,,,,,
,,,Sydapuram,,,,,,,,,,,,,,,,,,,
,,,Dakkili,,,,,,,,,,,,,,,,,,,
,,,Venkatagiri,,,,,,,,,,,,,,,,,,,
,,,Balayapalle,,,,,,,,,,,,,,,,,,,
,,,Ojili,,,,,,,,,,,,,,,,,,,
,,,Chillakur,,,,,,,,,,,,,,,,,,,
,,,Kota,,,,,,,,,,,,,,,,,,,
,,,Vakadu,,,,,,,,,,,,,,,,,,,
,,,Chittamur,,,,,,,,,,,,,,,,,,,
,,,Naidupet,,,,,,,,,,,,,,,,,,,
,,,Pellakur,,,,,,,,,,,,,,,,,,,
,,,Doravarisatram,,,,,,,,,,,,,,,,,,,
,,,Sullurpeta,,,,,,,,,,,,,,,,,,,
,,,Tada,,,,,,,,,,,,,,,,,,,
,,,Peddamudium,,,,,,,,,,,,,,,,,,,
,,,Duvvur,,,,,,,,,,,,,,,,,,,
,,,S.Mydukur,,,,,,,,,,,,,,,,,,,
,,,Brahmamgarimattam,,,,,,,,,,,,,,,,,,,
,,,Sri Avadhutha Kasinayana,,,,,,,,,,,,,,,,,,,
,,,Kalasapadu,,,,,,,,,,,,,,,,,,,
,,,Porumamilla,,,,,,,,,,,,,,,,,,,
,,,B.Kodur,,,,,,,,,,,,,,,,,,,
,,,Badvel,,,,,,,,,,,,,,,,,,,
,,,Gopavaram,,,,,,,,,,,,,,,,,,,
,,,Khajipet,,,,,,,,,,,,,,,,,,,
,,,Chapad,,,,,,,,,,,,,,,,,,,
,,,Proddatur,,,,,,,,,,,,,,,,,,,
,,,Jammalamadugu,,,,,,,,,,,,,,,,,,,
,,,Muddanur,,,,,,,,,,,,,,,,,,,
,,,Simhadripuram,,,,,,,,,,,,,,,,,,,
,,,Lingala,,,,,,,,,,,,,,,,,,,
,,,Pulivendla,,,,,,,,,,,,,,,,,,,
,,,Vemula,,,,,,,,,,,,,,,,,,,
,,,Thondur,,,,,,,,,,,,,,,,,,,
,,,Veerapunayunipalle,,,,,,,,,,,,,,,,,,,
,,,Yerraguntla,,,,,,,,,,,,,,,,,,,
,,,Kamalapuram,,,,,,,,,,,,,,,,,,,
,,,Vallur,,,,,,,,,,,,,,,,,,,
,,,Atlur,,,,,,,,,,,,,,,,,,,
,,,Vontimitta,,,,,,,,,,,,,,,,,,,
,,,Sidhout,,,,,,,,,,,,,,,,,,,
,,,Kadapa,,,,,,,,,,,,,,,,,,,
,,,Chinthakommadinne,,,,,,,,,,,,,,,,,,,
,,,Pendlimarri,,,,,,,,,,,,,,,,,,,
,,,Vempalle,,,,,,,,,,,,,,,,,,,
,,,Chakrayapet,,,,,,,,,,,,,,,,,,,
,,,Galiveedu,,,,,,,,,,,,,,,,,,,
,,,Chinnamandem,,,,,,,,,,,,,,,,,,,
,,,Sambepalle,,,,,,,,,,,,,,,,,,,
,,,T Sundupalle,,,,,,,,,,,,,,,,,,,
,,,Rayachoti,,,,,,,,,,,,,,,,,,,
,,,Lakkireddipalle,,,,,,,,,,,,,,,,,,,
,,,Ramapuram,,,,,,,,,,,,,,,,,,,
,,,Veeraballe,,,,,,,,,,,,,,,,,,,
,,,Nandalur,,,,,,,,,,,,,,,,,,,
,,,Penagalur,,,,,,,,,,,,,,,,,,,
,,,Chitvel,,,,,,,,,,,,,,,,,,,
,,,Rajampet,,,,,,,,,,,,,,,,,,,
,,,Pullampeta,,,,,,,,,,,,,,,,,,,
,,,Obulavaripalle,,,,,,,,,,,,,,,,,,,
,,,Kodur,,,,,,,,,,,,,,,,,,,
,,,Kurnool,,,,,,,,,,,,,,,,,,,
,,,Mantralayam,,,,,,,,,,,,,,,,,,,
,,,Kosigi,,,,,,,,,,,,,,,,,,,
,,,Kowthalam,,,,,,,,,,,,,,,,,,,
,,,Pedda Kadubur,,,,,,,,,,,,,,,,,,,
,,,Yemmiganur,,,,,,,,,,,,,,,,,,,
,,,Nandavaram,,,,,,,,,,,,,,,,,,,
,,,C.Belagal,,,,,,,,,,,,,,,,,,,
,,,Nandikotkur,,,,,,,,,,,,,,,,,,,
,,,Pagidyala,,,,,,,,,,,,,,,,,,,
,,,Jupadu Bungalow,,,,,,,,,,,,,,,,,,,
,,,Srisailam,,,,,,,,,,,,,,,,,,,
,,,Pamulapadu,,,,,,,,,,,,,,,,,,,
,,,Midthur,,,,,,,,,,,,,,,,,,,
,,,Orvakal,,,,,,,,,,,,,,,,,,,
,,,Kodumur,,,,,,,,,,,,,,,,,,,
,,,Gonegandla,,,,,,,,,,,,,,,,,,,
,,,Adoni,,,,,,,,,,,,,,,,,,,
,,,Holagunda,,,,,,,,,,,,,,,,,,,
,,,Halaharvi,,,,,,,,,,,,,,,,,,,
,,,Alur,,,,,,,,,,,,,,,,,,,
,,,Aspari,,,,,,,,,,,,,,,,,,,
,,,Devanakonda,,,,,,,,,,,,,,,,,,,
,,,Krishnagiri,,,,,,,,,,,,,,,,,,,
,,,Bethamcherla,,,,,,,,,,,,,,,,,,,
,,,Panyam,,,,,,,,,,,,,,,,,,,
,,,Gadivemula,,,,,,,,,,,,,,,,,,,
,,,Velgode,,,,,,,,,,,,,,,,,,,
,,,Bandi Atmakur,,,,,,,,,,,,,,,,,,,
,,,Nandyal,,,,,,,,,,,,,,,,,,,
,,,Mahanandi,,,,,,,,,,,,,,,,,,,
,,,Sirvel,,,,,,,,,,,,,,,,,,,
,,,Gospadu,,,,,,,,,,,,,,,,,,,
,,,Banaganapalle,,,,,,,,,,,,,,,,,,,
,,,Dhone,,,,,,,,,,,,,,,,,,,
,,,Pattikonda,,,,,,,,,,,,,,,,,,,
,,,Chippagiri,,,,,,,,,,,,,,,,,,,
,,,Maddikera,,,,,,,,,,,,,,,,,,,
,,,Tuggali,,,,,,,,,,,,,,,,,,,
,,,Peapally,,,,,,,,,,,,,,,,,,,
,,,Owk,,,,,,,,,,,,,,,,,,,
,,,Koilkuntla,,,,,,,,,,,,,,,,,,,
,,,Rudravaram,,,,,,,,,,,,,,,,,,,
,,,Allagadda,,,,,,,,,,,,,,,,,,,
,,,Dornipadu,,,,,,,,,,,,,,,,,,,
,,,Sanjamala,,,,,,,,,,,,,,,,,,,
,,,Kolimigundla,,,,,,,,,,,,,,,,,,,
,,,Uyyalawada,,,,,,,,,,,,,,,,,,,
,,,Chagalamarri,,,,,,,,,,,,,,,,,,,
,,,Anantapur,,,,,,,,,,,,,,,,,,,
,,,D.Hirehal,,,,,,,,,,,,,,,,,,,
,,,Rayadurg,,,,,,,,,,,,,,,,,,,
,,,Kanekal,,,,,,,,,,,,,,,,,,,
,,,Bommanahal,,,,,,,,,,,,,,,,,,,
,,,Vidapanakal,,,,,,,,,,,,,,,,,,,
,,,Guntakal,,,,,,,,,,,,,,,,,,,
,,,Gooty,,,,,,,,,,,,,,,,,,,
,,,Peddavadugur,,,,,,,,,,,,,,,,,,,
,,,Yadiki,,,,,,,,,,,,,,,,,,,
,,,Tadpatri,,,,,,,,,,,,,,,,,,,
,,,Peddapappur,,,,,,,,,,,,,,,,,,,
,,,Pamidi,,,,,,,,,,,,,,,,,,,
,,,Vajrakarur,,,,,,,,,,,,,,,,,,,
,,,Uravakonda,,,,,,,,,,,,,,,,,,,
,,,Beluguppa,,,,,,,,,,,,,,,,,,,
,,,Gummagatta,,,,,,,,,,,,,,,,,,,
,,,Brahmasamudram,,,,,,,,,,,,,,,,,,,
,,,Kalyandurg,,,,,,,,,,,,,,,,,,,
,,,Kudair,,,,,,,,,,,,,,,,,,,
,,,Garladinne,,,,,,,,,,,,,,,,,,,
,,,Singanamala,,,,,,,,,,,,,,,,,,,
,,,Putlur,,,,,,,,,,,,,,,,,,,
,,,Yellanur,,,,,,,,,,,,,,,,,,,
,,,Narpala,,,,,,,,,,,,,,,,,,,
,,,Bukkaraya Samudram,,,,,,,,,,,,,,,,,,,
,,,Raptadu,,,,,,,,,,,,,,,,,,,
,,,Settur,,,,,,,,,,,,,,,,,,,
,,,Kundurpi,,,,,,,,,,,,,,,,,,,
,,,Kambadur,,,,,,,,,,,,,,,,,,,
,,,Kanaganapalle,,,,,,,,,,,,,,,,,,,
,,,Dharmavaram,,,,,,,,,,,,,,,,,,,
,,,Bathalapalle,,,,,,,,,,,,,,,,,,,
,,,Tadimarri,,,,,,,,,,,,,,,,,,,
,,,Mudigubba,,,,,,,,,,,,,,,,,,,
,,,Talupula,,,,,,,,,,,,,,,,,,,
,,,Nambulipulikunta,,,,,,,,,,,,,,,,,,,
,,,Gandlapenta,,,,,,,,,,,,,,,,,,,
,,,Kadiri,,,,,,,,,,,,,,,,,,,
,,,Nallamada,,,,,,,,,,,,,,,,,,,
,,,Bukkapatnam,,,,,,,,,,,,,,,,,,,
,,,Kothacheruvu,,,,,,,,,,,,,,,,,,,
,,,Chennekothapalle,,,,,,,,,,,,,,,,,,,
,,,Ramagiri,,,,,,,,,,,,,,,,,,,
,,,Roddam,,,,,,,,,,,,,,,,,,,
,,,Madakasira,,,,,,,,,,,,,,,,,,,
,,,Amarapuram,,,,,,,,,,,,,,,,,,,
,,,Gudibanda,,,,,,,,,,,,,,,,,,,
,,,Rolla,,,,,,,,,,,,,,,,,,,
,,,Agali,,,,,,,,,,,,,,,,,,,
,,,Parigi,,,,,,,,,,,,,,,,,,,
,,,Penukonda,,,,,,,,,,,,,,,,,,,
,,,Puttaparthi,,,,,,,,,,,,,,,,,,,
,,,Obuladevaracheruvu,,,,,,,,,,,,,,,,,,,
,,,Nallacheruvu,,,,,,,,,,,,,,,,,,,
,,,Tanakal,,,,,,,,,,,,,,,,,,,
,,,Amadagur,,,,,,,,,,,,,,,,,,,
,,,Gorantla,,,,,,,,,,,,,,,,,,,
,,,Somandepalle,,,,,,,,,,,,,,,,,,,
,,,Hindupur,,,,,,,,,,,,,,,,,,,
,,,Lepakshi,,,,,,,,,,,,,,,,,,,
,,,Chilamathur,,,,,,,,,,,,,,,,,,,
,,,Chittoor,,,,,,,,,,,,,,,,,,,
,,,Mulakalacheruvu,,,,,,,,,,,,,,,,,,,
,,,Thamballapalle,,,,,,,,,,,,,,,,,,,
,,,Peddamandyam,,,,,,,,,,,,,,,,,,,
,,,Gurramkonda,,,,,,,,,,,,,,,,,,,
,,,Kalakada,,,,,,,,,,,,,,,,,,,
,,,Kambhamvaripalle,,,,,,,,,,,,,,,,,,,
,,,Yerravaripalem,,,,,,,,,,,,,,,,,,,
,,,Tirupati,,,,,,,,,,,,,,,,,,,
,,,Renigunta,,,,,,,,,,,,,,,,,,,
,,,Yerpedu,,,,,,,,,,,,,,,,,,,
,,,Srikalahasti,,,,,,,,,,,,,,,,,,,
,,,Thottambedu,,,,,,,,,,,,,,,,,,,
,,,Buchinaidu Kandriga,,,,,,,,,,,,,,,,,,,
,,,Varadaiahpalem,,,,,,,,,,,,,,,,,,,
,,,Chandragiri,,,,,,,,,,,,,,,,,,,
,,,Chinnagottigallu,,,,,,,,,,,,,,,,,,,
,,,Pileru,,,,,,,,,,,,,,,,,,,
,,,Kalikiri,,,,,,,,,,,,,,,,,,,
,,,Valmikipuram,,,,,,,,,,,,,,,,,,,
,,,Kurabalakota,,,,,,,,,,,,,,,,,,,
,,,Pedda Thippasamudram,,,,,,,,,,,,,,,,,,,
,,,B.Kothakota,,,,,,,,,,,,,,,,,,,
,,,Madanapalle,,,,,,,,,,,,,,,,,,,
,,,Nimmanapalle,,,,,,,,,,,,,,,,,,,
,,,Sodam,,,,,,,,,,,,,,,,,,,
,,,Pulicherla,,,,,,,,,,,,,,,,,,,
,,,Pakala,,,,,,,,,,,,,,,,,,,
,,,Vedurukuppam,,,,,,,,,,,,,,,,,,,
,,,Vadamalapeta,,,,,,,,,,,,,,,,,,,
,,,Narayanavanam,,,,,,,,,,,,,,,,,,,
,,,Pichatur,,,,,,,,,,,,,,,,,,,
,,,Satyavedu,,,,,,,,,,,,,,,,,,,
,,,Nagalapuram,,,,,,,,,,,,,,,,,,,
,,,Nindra,,,,,,,,,,,,,,,,,,,
,,,Vijayapuram,,,,,,,,,,,,,,,,,,,
,,,Nagari,,,,,,,,,,,,,,,,,,,
,,,Puttur,,,,,,,,,,,,,,,,,,,
,,,Karvetinagar,,,,,,,,,,,,,,,,,,,
,,,Penumuru,,,,,,,,,,,,,,,,,,,
,,,Puthalapattu,,,,,,,,,,,,,,,,,,,
,,,Irala,,,,,,,,,,,,,,,,,,,
,,,Somala,,,,,,,,,,,,,,,,,,,
,,,Chowdepalle,,,,,,,,,,,,,,,,,,,
,,,Ramasamudram,,,,,,,,,,,,,,,,,,,
,,,Punganur,,,,,,,,,,,,,,,,,,,
,,,Peddapanjani,,,,,,,,,,,,,,,,,,,
,,,Thavanampalle,,,,,,,,,,,,,,,,,,,
,,,Srirangarajapuram,,,,,,,,,,,,,,,,,,,
,,,Gangadhara Nellore,,,,,,,,,,,,,,,,,,,
,,,Palamaner,,,,,,,,,,,,,,,,,,,
,,,Baireddipalle,,,,,,,,,,,,,,,,,,,
,,,Venkatagirikota,,,,,,,,,,,,,,,,,,,
,,,Santhipuram,,,,,,,,,,,,,,,,,,,
,,,Gudupalle,,,,,,,,,,,,,,,,,,,
,,,Kuppam,,,,,,,,,,,,,,,,,,,
,,,Ramakuppam,,,,,,,,,,,,,,,,,,,
,,,Bangarupalem,,,,,,,,,,,,,,,,,,,
,,,Yadamarri,,,,,,,,,,,,,,,,,,,
,,,Gudipala,,,,,,,,,,,,,,,,,,,
,,,Palasamudram,,,,,,,,,,,,,,,,,,,
